tumor size,Stage Classification
0.5,1
0.91,4
0.4,2
0.87,1
0.25,3
0.19,3
0.66,2
0.4,4
0.73,2
0.37,1
0.25,4
0.67,1
0.97,2
0.5,4
0.14,4
0.11,3
0.7,2
0.63,2
0.4,4
0.29,4
0.95,3
0.91,1
0.51,1
0.53,2
0.45,2
0.79,4
0.6,4
0.95,1
0.59,3
0.14,2
0.5,3
0.9,3
0.39,3
0.27,1
0.21,3
0.27,2
0.18,2
0.67,1
0.74,2
0.78,1
0.92,3
0.64,2
0.51,3
0.11,3
0.41,2
0.75,1
0.56,4
0.51,1
0.94,4
0.49,2
0.73,1
0.29,3
0.89,1
0.5,2
0.21,3
0.35,3
0.86,1
0.89,1
0.66,3
0.75,2
0.31,4
0.68,1
0.84,3
0.32,2
0.3,3
0.18,4
0.93,1
0.95,4
0.86,3
0,3
0.23,1
0.45,1
0.74,2
0.08,1
0.46,3
0.55,1
0.95,3
0.09,2
0.12,2
0.77,2
0.9,2
0.39,3
0.68,1
0.82,1
0.46,2
0.59,3
0.59,3
0.4,3
0.35,4
0.84,2
0.51,1
0.11,1
0.87,1
0.86,3
0.81,2
0.51,2
0.01,4
0.69,1
0.13,4
0.44,1
0.19,4
0.33,3
0.31,1
0.94,3
0.16,3
0.28,4
0.1,2
0.11,2
0.5,2
0.47,3
0.28,2
0.93,3
0.29,2
0.6,3
0.33,2
0.74,2
0.38,2
0.89,1
0.75,1
0.1,3
0.03,1
0.53,2
0.99,4
0.24,2
0.7,3
0.15,2
0.71,3
0.61,1
0.75,3
0.4,1
0.35,3
0.57,4
0.54,4
0.1,4
0.32,2
0.33,2
0.73,3
0.96,3
0.08,4
0.36,4
0.11,2
0.96,3
0.95,2
0.18,2
0.94,3
0.94,3
0.6,1
0.7,1
0.99,2
0.54,4
0.6,4
0.25,2
0.79,4
0.74,3
0.47,4
0.57,1
0.08,4
0.1,3
0.92,2
0.09,4
0.55,2
0.99,2
0.82,2
0.95,1
0.09,1
0.85,3
0.06,2
0.53,3
0.1,2
0.01,4
0.45,4
0.42,2
0.42,3
0.19,4
0.88,1
0.77,2
0.23,1
0.43,2
0.07,4
0.75,2
0.74,2
0.01,1
0.2,2
0.52,3
0.9,3
0.34,4
0.74,1
0.99,4
0.69,3
0.79,3
0.39,4
0.73,1
0.85,2
0.02,3
0.49,4
0.81,1
0.49,4
0.28,1
0.29,3
0.89,1
0.6,1
0.88,3
0.76,2
0.27,3
0.35,2
0.89,1
0.15,2
0.06,2
0.87,2
0.15,2
0.09,3
0.27,1
0.94,3
0.27,1
0.45,2
0.1,1
0.78,3
0.73,3
0.17,3
0.26,2
0.43,1
0.6,1
0.36,1
0.84,3
0.33,1
0.93,3
0.24,4
0.97,3
0.74,4
0.52,1
0.49,1
0.94,1
0.21,3
0.09,4
0.36,3
0.4,1
0.06,2
0.81,1
0.12,4
0.95,2
0.82,3
0.43,3
0.2,3
0.13,1
0.82,2
0.25,4
0.95,3
0.68,1
0.01,2
0.54,2
0.22,3
0.78,4
0.52,4
0.15,2
0.29,1
0.81,1
0.05,2
0.27,4
0.39,2
0.19,3
0.32,3
0.68,1
0.94,4
0.53,2
0.71,2
0.12,4
0.93,4
0.62,1
0.15,1
0.79,1
0.41,1
0.51,2
0.54,4
0.23,1
0.69,3
0.09,4
0.71,2
0.46,1
0.19,4
0.59,4
0.65,3
0.6,2
0.02,2
0.55,1
0.79,4
0.59,2
0.07,1
0.85,3
0.77,2
0.29,1
0.43,1
0.64,1
0.58,2
0.67,2
0.92,3
0.09,3
0.1,1
0.47,2
0.32,2
0.16,3
1.72,3
1.4,3
1.25,1
1.76,2
1.12,3
1.89,2
1.79,4
1.61,3
1.37,2
1.6,2
1.16,2
1.23,1
1.25,1
1.78,3
1,4
1.81,2
1.09,2
1.89,4
1.74,1
1.3,4
1.78,3
1.29,3
1.54,2
1.44,1
1.04,1
1.93,2
1.94,1
1.64,2
1.41,3
1.73,4
1.01,3
1.38,2
1.83,4
1.34,3
1.47,2
1.32,3
1.12,2
1.47,4
1.64,3
1.79,3
1.42,4
1.15,2
1.3,4
1.25,4
1.01,4
1.92,1
1.28,1
1.29,3
1.73,2
1.93,1
1.01,2
1.47,4
1.87,4
1.03,2
1.72,2
1.59,4
1.81,3
1.44,2
1.74,1
1.48,3
1.84,4
1.38,1
1.67,1
1.03,1
1.91,1
1.92,1
1.19,3
1.45,2
1.2,4
1.96,3
1.62,1
1.88,4
1.81,3
1.3,2
1.1,2
1.14,3
1.16,3
1.3,1
1.34,3
1.43,2
1.11,3
1.09,2
1.92,2
1.66,3
1.14,3
1.46,3
1.82,3
1.04,2
1.4,2
1.51,1
1.77,2
1.58,3
1.89,3
1.96,4
1.74,3
1.95,1
1.57,4
1.33,3
1.89,2
1.92,4
1.58,1
1.95,3
1.04,3
1.27,2
1.6,3
1.38,2
1.07,2
1.11,2
1.52,1
1.93,1
1.92,3
1.53,2
1.68,1
1.71,2
1.84,3
1.86,4
1.27,1
1.83,3
1.45,3
1.83,1
1.33,2
1.86,2
1.43,4
1.48,1
1.3,3
1.41,4
1.69,4
1.31,2
1.11,2
1.7,2
1.75,3
1.4,3
1.36,1
1.29,4
1.87,1
1.52,4
1.91,3
1.91,1
1.81,4
1.55,1
1.28,2
1.85,3
1.12,1
1.98,4
1.87,4
1.89,1
1.52,3
1.96,2
1.97,3
1,1
1.7,2
1.94,1
1.72,1
1.77,3
1.7,4
1.96,1
1.59,3
1.59,4
1.91,1
1.11,3
1.68,3
1.82,4
1.61,4
1.61,4
1.36,4
1.81,4
1.87,4
1.99,1
1.54,2
1.43,2
1.54,2
1.18,2
1.48,1
1.95,3
1.1,4
1.93,3
1.38,1
1.36,1
1.16,1
1.06,2
1.01,3
1.29,3
1.4,1
1.11,3
1.06,3
1.05,3
1.7,4
1.32,3
1.72,4
1.19,3
1.6,4
1.13,2
1.63,3
1.14,4
1.09,4
1.64,2
1.35,2
1.35,1
1.07,2
1.78,2
1.98,3
1.54,1
1.77,2
1.51,1
1.7,2
1.02,4
1.11,2
1.23,2
1.62,4
1.58,3
1.66,4
1.94,3
1.47,2
1.62,4
1.67,3
1.81,2
1.35,2
1.15,3
1.55,2
1.96,3
1.89,4
1.95,1
1.86,3
1.89,3
1.13,1
1.96,2
2,3
1.62,2
1.39,2
1,1
1.38,1
1.82,1
1.53,1
1.17,1
1.26,1
1.53,4
1.03,4
1.12,2
1.71,2
1.71,2
1.5,4
1.07,4
1.12,1
1.8,1
1.33,2
1.89,1
1.72,2
1.55,3
1.33,2
1.62,2
1.45,2
1.15,4
1.66,3
1.1,3
1.07,1
1.09,3
1.07,2
1.93,4
1.92,1
1.57,2
1.54,3
1.63,1
1.58,4
1.33,2
1.79,3
1.13,2
1.21,3
1.59,4
1.34,1
1.09,2
1.24,4
1.57,4
1.43,2
1.05,3
1.62,2
1.23,3
1.19,3
1.62,4
1.9,3
1.41,3
1.12,1
1.74,3
1.99,4
1.14,2
1.28,4
1.07,3
1.49,3
1.15,1
1.19,1
1.8,3
1.19,4
1.51,4
1.73,3
1.63,2
1.42,3
1.44,3
1.32,4
1.92,1
1.74,2
1.65,4
1.67,4
1.42,4
1.58,2
1.14,3
1.55,1
1.27,4
1.25,2
1.52,2
1.34,1
1.82,2
1,1
1.78,3
1.96,1
1.47,3
1.73,1
1.44,1
1.3,1
1.43,4
1.1,2
1.03,4
1.41,2
1.33,4
1.97,3
1.81,3
1.93,2
1.93,4
1.1,2
1.06,3
1.59,1
1.73,4
1.58,2
1.64,3
1.02,4
1.3,2
1.12,2
1.82,4
1.25,2
1.11,1
1.36,3
1.06,2
1.06,3
1.16,3
1.8,3
1.43,2
1.34,3
1.58,4
1.04,3
1.34,1
1.4,1
1.07,3
1.75,4
1.37,4
1.52,3
1.61,1
1.65,4
1.87,2
1.56,2
1.25,1
1.94,4
1.11,3
1.17,1
1.76,2
1,4
1.19,4
1.28,2
1.95,1
1.99,1
1.28,1
1.9,1
1.93,2
1.06,3
1.19,1
1.08,2
1.29,2
1.87,4
1.72,4
1.26,1
1.07,2
1.19,3
1.79,4
1.49,3
1.66,4
1.48,3
1.77,3
1.99,4
1.46,4
1.54,3
1.92,2
1.17,2
1.63,4
1.26,4
1.82,4
1.14,2
1.77,2
1.09,2
1.55,2
1.47,2
1.16,4
1.55,3
1.98,4
1.88,1
1.7,3
1.03,2
1.08,4
1.44,2
1.56,2
1.58,2
1.2,4
1.84,1
1.88,3
1.64,3
1.38,4
1.07,3
1.35,4
1.17,2
1.42,3
1.16,4
1.17,2
1.68,4
1.17,1
1.28,3
1.16,4
1.59,4
1.47,4
1.84,1
1.81,1
1.1,4
1.75,3
1.2,1
1.18,3
1.16,4
1.8,2
1.82,3
1.82,2
1.51,1
1.08,4
1.49,1
1.83,1
1.47,2
1.34,3
1.08,2
1.73,2
1.66,2
1.69,2
1.78,2
1.72,3
1.36,3
1.93,3
1.57,2
1.54,2
1.06,3
1.19,1
1.61,3
1,1
1.07,3
1.23,1
1.73,4
1.34,3
1.26,2
1.07,3
1.39,3
1.7,3
1.09,3
1.07,2
1.08,3
1.24,3
1.55,4
1.12,4
1.16,4
1.61,4
1.73,2
1.55,1
1.99,1
1.36,3
1.15,2
1.85,4
1.31,4
1.94,2
1.41,2
1.38,4
1.61,2
1.02,4
1.96,1
1.5,3
1.46,2
1.65,3
1.16,1
1.32,4
1.66,1
1.47,4
1.65,3
1.67,3
1.24,4
1.25,1
1.84,2
1.74,4
1.54,2
1.82,1
1.58,3
1.52,1
1.51,2
1.51,3
1.03,2
1.47,4
1.83,2
1.9,1
1.68,3
1.31,3
1.42,3
1.27,4
1.8,3
1.7,4
1.36,4
1.24,2
1.6,4
1.47,2
1.35,2
1.44,1
1.52,4
1.44,1
1.23,2
1.5,1
1.44,2
1.56,1
1.44,2
1.74,4
1.55,3
1.85,2
1.54,2
1.89,2
1.1,2
1.97,2
1.51,4
1.79,2
1.58,3
1.5,3
1.74,1
1.52,4
1.89,2
1.93,1
1.37,4
1.72,4
1.8,4
1.24,4
1.78,2
1.74,4
1.05,4
1.38,2
1.94,4
1.31,4
1.21,4
1.38,1
1.55,1
1.74,1
1.36,1
1.77,4
1.67,1
1.27,4
1.8,2
1.27,3
1.22,3
1.16,4
1.77,3
1.74,4
1.06,4
1.3,1
1.39,2
1.56,2
1.51,4
1.42,1
1,2
1.27,1
1.43,1
1.01,4
1.26,3
1.62,3
1.03,4
1.92,1
1.37,1
1.88,3
1.21,1
1.8,3
1.08,2
1.94,2
1.11,2
1.53,2
1.35,2
1.79,1
1.3,3
1.22,4
1.55,4
1.63,2
1.93,3
1.8,1
1.64,1
1.2,4
1.29,2
1.59,3
1.84,4
1.12,2
1.66,2
1.89,1
1.69,4
1.15,2
1.79,4
1.76,3
1.81,4
1.78,2
1.11,1
1.28,2
1.98,1
1.52,1
1.83,3
1.3,2
1.5,2
1.08,2
1.04,1
1.52,1
1.58,3
1.21,4
1.33,2
1.56,1
1.4,1
1.54,4
1.04,1
1.76,2
1.68,1
1.57,4
1.1,3
1.29,3
1.49,4
1.48,2
1.75,2
1.83,3
1.14,2
1.44,4
1.6,4
1.94,3
1.15,2
1.35,4
1.75,4
1.9,4
1.31,3
1.66,4
1.83,2
1.61,3
1.23,1
1.31,2
1.49,2
1.22,3
1.59,2
1.72,4
1.67,2
1.43,4
1.05,4
1.05,1
1.93,2
1.44,2
1.51,1
1.89,2
1.88,4
1.78,3
1.11,1
1.27,2
1.96,2
1.34,4
1.4,1
1.15,1
1.39,2
1.56,3
1.68,1
1.26,3
1.54,4
1.17,3
1.72,2
1.59,4
1.52,2
1.64,3
1.61,3
1.36,1
1.33,3
1.81,3
1.8,3
1.2,1
1.58,1
1.97,2
1.07,4
1.38,2
1.22,3
1.46,1
1.48,1
1.28,2
1.64,4
1.01,3
1.98,2
1.27,4
1.85,2
1.66,1
1.91,1
1.7,2
1.56,1
1.62,4
1.37,4
1.5,3
1.26,4
1.77,4
1.59,4
1.88,2
1.64,2
1.44,2
2,4
1.03,1
1.12,3
1.15,3
1.17,3
1.26,2
1.37,4
1.35,1
1.86,3
1.86,2
1.29,1
1.84,3
1.87,3
1.44,2
1.21,1
1.7,2
1.42,4
1.39,4
1.51,1
1.35,4
1.41,1
1.51,3
1.33,2
1.33,1
1.85,2
1.28,3
1.56,3
1.87,2
1.76,3
1.04,3
1.76,2
1.47,4
1.42,3
1.42,4
1.27,4
1.09,1
1.21,3
1.81,1
1.4,3
1.13,3
1.89,3
1.14,2
1.02,1
1.31,3
1.48,3
1.35,4
1.81,1
1.68,3
1.66,1
1.96,4
1.79,1
1.68,4
1.95,4
1.75,1
1.76,4
1.52,4
1.81,4
1.33,4
1.83,2
1.65,1
1.14,1
1.31,2
1.94,3
1.1,2
1.5,2
1.24,1
1.49,3
1.99,4
1.1,2
1.07,4
1.28,2
1.84,4
1.19,3
1.69,4
1.81,4
1.91,1
1.32,3
1.34,2
1.82,3
1.55,2
1.77,4
1.27,2
1.91,1
1.3,2
1.23,1
1.47,4
1.14,3
1.33,1
1.57,4
1.5,2
1.27,4
1,3
1.61,1
1.85,3
1.66,3
1.36,1
1.64,1
1.53,3
1.45,4
1.53,3
1.23,1
1.74,1
1.36,1
1.77,4
1.09,1
1.45,3
1.8,4
1.87,2
1.67,1
1.24,2
1.83,1
1.52,4
1.08,3
1.33,4
1.26,4
1.18,1
1.23,4
1.85,3
1.55,2
1.21,3
1.94,4
1.6,2
1.35,1
1.5,4
1.18,2
1.09,1
1.93,2
1.97,4
1.45,3
1.52,3
1.78,3
1.74,3
1.84,3
1.37,4
1.44,4
1.04,3
1.18,4
1.85,3
1.4,4
1.68,3
1.35,2
1.96,1
1.9,4
1.62,1
1.65,4
1.88,4
1.47,1
1.75,4
1.97,4
1.77,3
1.74,3
1.06,3
1.37,3
1.46,4
1.36,1
1.66,1
1.34,2
1.33,3
1.73,4
1.57,2
1.39,1
1.8,4
1.18,2
1.3,1
1.01,2
1.12,4
1.72,3
1.95,1
1.59,2
1.99,3
1.02,3
1.48,4
1.21,2
1.17,4
1.1,1
1,3
1.07,4
1.69,3
1.71,3
1.3,2
1.64,4
1.63,1
1.18,4
1.71,4
1.28,3
1.32,4
1.34,4
1.36,2
1.76,4
1.63,4
1.68,4
1.26,4
1.71,2
1.69,3
1.95,1
1.06,2
1.87,2
1.64,3
1.05,4
1.53,1
1.43,4
1.11,4
1.11,3
1.62,1
1.92,3
1.34,3
1.31,4
1.64,4
1.55,3
1.08,2
1.28,1
1.7,3
1.89,2
1.39,1
1.45,4
1.61,2
1.66,2
1.34,4
1.17,1
1.66,3
1.11,4
1.89,3
1.9,3
1.34,2
1.65,1
1.94,4
1.57,3
1.86,2
1.02,1
1.27,1
1.39,4
1.38,4
1.55,1
1.29,2
1.34,3
1.55,2
1.99,3
1.92,3
1.21,2
1.16,1
1.2,1
1.67,3
1.38,3
1.25,1
1.45,4
1.88,3
1.83,4
1.76,3
1.95,1
1.53,4
1.97,2
1.67,1
1.28,2
1.29,3
1.23,3
1.32,2
1.82,4
1.58,3
1.75,2
1.52,2
1.24,1
1.48,1
1.52,2
1.72,1
1.52,3
1.45,4
1.18,1
1.89,2
1.01,1
1.93,3
1.61,3
1.02,2
1.55,2
1.44,2
1.23,4
1.9,2
1.94,3
1.36,4
1.1,3
1.92,4
1.18,3
1.76,4
1.71,2
1.86,4
1.71,3
1.82,4
1.58,3
1.18,4
1.88,4
1.1,3
1.52,1
1.21,4
1.49,3
1.52,4
1.01,4
1.71,2
1.87,3
1.51,1
1.57,4
1.82,1
1.18,4
1.59,1
1.95,3
1.86,1
1.4,2
1.99,4
1.32,3
1.63,2
1.91,1
1.31,1
1.67,4
1.06,4
1.24,4
1.12,4
1.11,3
1.51,1
1.06,2
1.23,4
1.61,4
1.88,2
1.51,2
1.81,4
1.75,1
1.89,3
1.07,1
1.37,2
1.46,1
1.04,1
1.56,4
1.89,1
1.01,3
1.65,2
1.08,1
1.42,2
1.09,1
1.14,3
1.81,3
1.04,2
1.03,1
1.13,3
1.27,2
1.5,3
1.95,4
1.06,1
1.59,3
1.53,1
1.73,1
1.43,3
1.09,4
1.07,3
1.64,3
1.12,4
1.5,4
1.57,3
1.77,1
1.2,3
1.06,3
1.92,2
1.96,3
1.75,1
1.73,4
1.2,1
1.75,4
1.67,3
1.7,1
1.4,3
1.36,2
1.06,4
1.43,4
1.25,4
1.42,2
1.7,3
1.74,1
1.32,4
1.88,1
1.62,2
1.06,1
1.55,4
1.36,2
1.94,2
1.81,1
1.15,2
1.82,4
1.36,4
1.25,2
1.58,1
1.37,2
1.41,2
1.08,3
1.41,4
1.78,4
1.28,4
1.7,4
1.23,4
1.28,2
1.29,4
1.67,1
1.5,2
1.81,2
1.64,4
1.08,1
1.2,1
1.27,3
1.45,4
1.79,3
1.27,1
1.82,3
1.51,3
2,3
1.47,4
1.68,3
1.1,1
1.87,3
1.05,2
1.51,1
1.03,4
1.4,2
1.63,2
1.93,4
1.8,3
1.2,3
1.09,1
1.4,4
1.82,4
1.15,3
1.12,2
1.15,3
1.37,1
1.81,4
1.44,2
1.78,3
1.13,4
1.46,2
1.71,3
1.44,1
1.66,4
1.65,2
1.83,2
1.65,3
1.97,2
1.57,2
1.67,1
1.07,4
1.21,1
1.19,1
1.1,4
1.94,2
1.13,1
1.78,1
1.43,2
1.91,3
1.1,4
1.15,2
1.17,2
1.66,1
1.86,4
1.67,1
1.85,1
1.89,2
1.8,1
1.89,3
1.64,4
1.64,1
1.67,2
1.29,3
1.32,1
1.4,4
1.51,4
1.68,3
1.47,3
1.07,4
1.43,3
1.45,1
1.17,4
1.8,4
1.49,1
1.89,1
1.39,3
1.15,1
1.88,4
1.55,4
1.29,2
1.51,2
1.38,3
1.8,4
1.98,2
1.3,3
1,2
1.47,2
1.96,3
1.34,4
1.39,2
1.63,3
1.5,2
1.85,4
1.11,1
1.55,2
1.08,4
1.07,1
1.94,1
1.92,3
1,4
1.24,4
1.48,2
1.63,4
1.49,3
1.37,1
1.1,1
1.37,3
1.24,4
1.1,1
1.82,2
1.64,3
1.04,4
1.6,3
1.02,3
1.83,4
1.42,4
1.61,2
1.08,3
1.34,3
1.49,2
1.07,1
1.95,3
1.98,2
1.87,1
1.24,2
1.22,1
1.04,2
1.6,4
1.84,2
1.83,1
1.93,2
1.09,2
1.62,1
1.99,3
1.52,2
1.75,1
1.15,2
1.35,4
1.75,3
1.73,2
1.11,1
1.02,2
1.44,3
1.11,2
1.95,3
1.01,1
1.7,3
1.63,3
1.46,1
1.43,2
1.93,4
1.2,4
1.19,1
1.66,4
1.64,1
1.81,1
1.55,3
1.99,4
1.2,1
1.28,1
1.92,2
1.45,3
1.88,1
1.07,4
1.04,1
1.65,1
1.36,1
1.98,3
1.23,3
1.18,3
1.51,3
1.63,1
1.51,1
1.59,2
1.69,1
1.01,1
1.61,4
1.53,3
1.87,2
2.5,2
2.78,2
2.38,2
2.46,3
2.49,3
2.31,4
2.59,3
2.74,4
2.17,1
2.14,1
2.6,2
2.57,3
2.28,2
2.21,2
2.16,2
2.26,2
2.34,4
2.96,1
2.89,1
2.36,3
2.34,2
2.87,2
2.24,3
2.79,1
2.77,3
2.55,2
2.68,2
2.88,4
2.12,2
2.43,3
2.28,1
2.6,4
2.54,2
2.88,2
2.21,4
2.86,1
2.74,1
2.52,2
2.94,2
2.14,4
2.49,2
2.35,4
2.86,1
2.5,1
2.01,3
2.48,3
2.77,3
2.09,1
2.4,3
2.87,4
2.27,3
2.07,4
2.6,3
2.98,2
2.34,3
2.58,2
2.96,1
2.8,4
2.55,4
2.75,1
2.42,1
2.37,1
2.19,1
2.28,4
2.28,1
2.32,1
2.21,1
2.47,4
2.17,2
2.87,2
2.44,2
2.3,3
2.36,3
2.25,2
2.62,2
2.74,4
2.62,1
2.28,3
2.9,2
2.79,3
2.09,4
2.46,1
2.16,3
2.79,4
2.22,4
2.93,1
2.09,3
2.89,1
2.48,1
2.32,2
2.37,4
2.39,3
3,1
2.17,4
2.37,2
2.48,1
2.2,2
2.97,2
2.63,2
2.3,1
2.79,1
2.23,4
2.22,2
2.72,4
2.67,3
2.18,3
2.4,3
2.14,3
2.37,4
2.73,1
2.39,3
2.41,4
2.35,4
2.12,3
2.91,3
2.09,1
2.05,4
2.86,4
2.25,3
2.63,2
2.88,3
2.5,3
2.79,4
2.88,2
2.61,1
2.04,2
2.83,4
2.22,2
2.15,1
2.65,3
2.15,2
2.78,1
2.86,4
2.75,1
2.19,1
2.08,2
2.62,2
2.59,3
2.04,1
2.65,2
2.14,4
2.59,1
2.22,3
2.26,4
2.43,4
2.21,2
2.34,4
2.29,2
2.4,2
2.98,3
2.92,4
2.42,1
2.01,4
2.11,3
2.38,1
2.52,4
2.88,1
2.99,2
2.85,1
2.11,4
2.28,1
2.62,4
2.02,3
2.97,3
2.44,4
2.11,3
2.2,1
2.82,1
2.73,4
2.09,4
2.88,3
2.2,3
2.98,1
2.08,2
2.77,4
3,1
2.93,3
2.59,2
2.95,1
2.82,3
2.72,4
2.06,3
2.8,3
2.23,4
2.14,4
2.45,4
2.86,4
2.85,1
2.99,1
2.72,4
2.27,3
2.47,1
2.25,1
2.32,4
2.39,1
2.09,2
2.03,4
2.05,3
2.41,4
2.95,3
2.15,4
2.79,3
2.15,1
2.69,4
2.9,4
2.96,2
2.25,4
2.01,3
2.19,4
2.54,3
2.44,2
2.9,3
2.37,1
2.03,1
2.66,3
2.32,1
2.41,4
2.8,3
2.66,3
2.76,3
2.57,2
2.9,3
2.08,3
2.9,3
2.72,4
2.41,1
2.93,2
2.32,2
2.68,1
2.18,1
2.91,3
2.03,2
2.16,3
2.83,4
2.69,1
2.42,2
2.96,1
2.91,4
2.37,2
2.03,1
2.84,1
2.89,1
2.4,1
2.4,1
2.83,4
2.91,4
2.14,4
2.42,4
2.43,1
2.12,4
2.7,4
2.06,3
2.9,2
2.6,3
2.2,1
2.96,1
2.02,3
2.98,4
2.65,1
2.76,2
2.13,4
2.97,1
2.63,1
2.53,2
2.92,4
2.21,4
2.79,2
2.6,4
2.54,4
2.08,3
2.3,3
2.95,1
2.67,1
2.38,4
2.31,4
3,4
2.02,4
2.98,3
2.75,2
2.13,1
2.2,1
2.99,4
2.48,4
2.09,1
2.35,2
2.02,1
2.62,1
2.19,4
2.14,1
2.06,1
2.04,1
2.74,3
2.38,2
2.09,3
2.48,1
2.38,1
2.57,4
2.88,1
2.41,1
2.19,2
2.91,2
2.98,3
2.9,2
2.99,4
2.68,4
2.27,3
2.75,3
2.55,1
2.93,4
2.15,2
2.12,4
2.61,2
2.27,1
2.76,4
2.27,4
2.71,3
2.07,2
2.5,1
2.66,2
2.31,4
2.94,3
2.39,3
2.4,2
2.33,2
2.37,1
2.89,4
2.69,1
2.71,3
2.41,2
2.98,4
2.58,1
3,4
2.04,4
2.55,1
2.11,2
2.04,1
2.44,3
2.26,2
2.89,3
2.75,4
2.49,2
2.66,2
2.5,4
2.52,4
2.13,2
2.05,3
2.77,3
2.5,3
2.86,1
2.67,4
2.55,2
2.75,3
2.6,3
2.4,4
2.46,3
2.08,4
2.04,2
2.2,1
2.48,3
2.96,4
2.51,1
2.5,1
2.07,1
2.01,4
2.67,3
2.5,1
2.67,4
2.23,1
2.68,3
2.6,3
2.22,3
2.04,2
2.68,2
2.94,1
2.56,3
2.14,2
2.83,2
2.38,2
2.79,3
2.22,4
2.44,3
2.97,3
2.3,4
2.36,1
2.34,3
2.47,1
2.21,1
2.08,2
2.52,2
2.36,1
2.93,4
2.14,2
2.43,3
2.99,3
2.28,1
2.94,2
2.57,4
2.91,1
2.09,1
2.85,3
2.11,4
2.42,2
2.52,1
2.7,4
2.9,2
2.82,2
2.34,1
2.84,2
2.94,3
2.15,4
2.37,2
2.53,3
2.81,1
2.34,2
2.7,2
2.37,4
2.4,4
2.44,4
2.01,2
2.18,3
2.64,3
2.52,4
2.14,3
2.4,2
2.25,3
2.72,3
2.44,4
2.09,2
2.13,4
2.1,2
2.82,3
2.43,1
2.51,3
2.43,2
2.07,2
2.3,4
2.59,3
2.9,3
2.55,3
2.75,2
2.66,2
2.79,3
2.02,2
2.88,3
2.95,4
2.22,2
2.71,4
2.7,4
2.19,2
2.34,3
2.95,4
2.54,3
2.68,1
2.15,1
2.56,4
2.81,2
2.87,1
2.94,4
2.01,4
2.41,4
2.18,3
2.67,1
2.69,2
2.1,4
2.09,2
2.75,1
2.17,4
2.28,3
2.12,4
2.21,1
2.07,3
2.66,1
2.2,2
2.26,2
2.31,3
2.8,3
2.77,2
2.76,3
2.98,1
2.35,2
2.84,4
2.39,1
2.47,4
2.4,1
2.34,4
2.82,4
2.68,2
2.42,2
2.52,3
2.44,3
2.32,3
2.85,3
3,1
2.92,3
2.63,2
2.21,2
2.04,1
2.04,1
2.85,1
2.9,3
2.88,4
2.13,2
2.71,4
2.19,3
2.49,4
2.65,2
2.61,2
2.3,3
2.27,1
2.26,1
2.7,4
2.21,1
2.84,3
2.3,1
2.16,3
2.04,4
2.03,3
2.28,2
2.87,3
2.56,2
2.52,4
2.4,1
2.54,3
2.89,1
2.66,2
2.36,2
2.59,1
2.17,2
2.41,2
2.89,4
2.8,1
2.34,3
2.62,2
2.56,4
2.2,3
2.26,2
2.02,3
2.21,2
2.13,1
2.57,2
2.98,3
2.92,4
2.65,3
2.03,3
2.03,3
2.7,1
2.91,4
2.14,4
2.32,4
2.65,1
2.56,1
2.37,4
2.34,1
2.4,3
2.79,3
2.44,2
2.57,2
2.62,3
2.78,4
2.6,2
2.14,4
2.43,1
2.69,3
2.11,2
2.17,4
2.29,4
2.49,3
2.69,1
2.02,3
2.47,4
2.27,2
2.97,4
2.63,3
2.82,4
2.53,3
2.61,1
2.84,1
2.94,4
2.25,2
2.21,4
2.69,2
2.06,1
2.58,1
2.61,3
2.82,1
2.78,4
2.59,4
2.86,4
2.28,1
2.52,3
2.06,2
2.64,2
2.46,3
2.22,4
2.57,2
2.68,3
2.18,1
2.68,1
2.2,3
2.19,1
2.87,4
2.73,1
2.1,4
2.2,2
2.11,4
2.11,3
2.56,4
2.34,2
2.67,4
2.07,4
2.94,4
2.41,3
2.54,4
2.34,2
2.8,1
2.72,3
2.76,1
2.21,2
2.52,2
2.3,3
2.54,1
2.41,2
2.66,3
2.6,2
2.44,2
2.37,1
2.61,2
2.39,3
2.34,1
2.56,1
2.44,4
2.5,1
2.71,1
2.69,3
2.17,1
2.78,2
2.6,4
2.49,3
2.24,1
2.93,3
2.7,3
2.1,2
2.84,1
2.54,4
2.42,1
2.1,1
2.04,4
2.1,1
2.64,4
2.44,1
2.12,1
2.33,2
2.59,1
2.77,1
2.17,4
2.81,3
2.83,3
2.92,3
2.14,2
2.58,1
2.7,4
2.4,2
2.77,1
2.81,2
2.38,2
2.44,3
2.55,3
2.75,3
2.05,4
2.93,3
2.49,2
2.34,2
2.79,3
2.5,1
2,3
2.32,3
2.53,1
2.03,4
2.19,2
2.65,2
2.68,2
2.44,2
2.06,2
2.68,4
2.74,2
2.07,4
2.64,4
2.72,2
2.15,2
2.45,3
2.77,1
2.98,1
2.28,4
2.71,3
2.5,4
2.46,2
2.52,2
2.65,2
2.13,4
2.59,4
2.84,1
2.66,1
2.92,3
2.09,1
2.7,1
2.95,4
2.01,3
2.9,1
2.44,2
2.37,3
2.58,3
2.6,2
2.09,1
2.65,2
2.56,3
2.41,2
2.16,2
2.83,1
2.12,1
2.26,4
2.02,1
2.97,4
2.98,2
2.35,1
2.97,1
2.69,1
2.16,3
2.81,4
2.05,2
2.94,2
2.13,4
2.48,3
2.69,1
2.35,4
2.42,2
2.71,3
2.57,3
2.32,4
2.63,2
2.63,4
2.14,3
2.75,3
2.65,3
2.53,3
2.61,4
2.59,2
2.08,3
2.16,2
2.96,2
3,1
2.31,1
2.48,4
2.77,3
2.07,3
2.75,1
2.37,4
2.64,3
2.14,3
2.27,3
2.48,1
2.74,2
2.66,3
2.93,2
2.7,3
2.89,3
2.62,3
2.97,2
2.45,4
2.62,1
2.97,4
2.59,1
2.08,3
2.22,4
2.19,1
2.78,4
2.68,1
2.27,4
2.66,1
2.16,2
2.79,1
2.44,3
2.53,4
2.52,4
2.37,3
2.26,4
2.23,4
2.61,4
2.82,2
2.49,1
2.64,2
2.39,4
2.72,1
2.14,4
2.77,4
2.09,3
2.38,1
2.68,1
2.72,3
2.75,4
2.32,3
2.11,1
2.21,2
2.76,1
2.29,2
2.38,3
2.4,2
2.47,2
2.49,1
2.44,3
2.17,4
2.68,1
2.18,2
2.7,4
2.25,1
2.84,4
2.98,2
2.96,2
2.52,2
2.84,3
2.89,1
2.68,3
2.9,1
2.31,4
2.12,2
2.73,4
2.04,1
2.63,2
2.42,4
2.97,4
2.54,4
2.41,4
2.27,3
2.57,4
2.05,2
2.44,4
2.3,2
2.21,2
2.31,3
2.7,1
2.41,2
2.07,4
2.72,2
2.22,1
2.31,2
2.45,2
2.89,3
2.63,1
2.81,2
2.31,3
2.41,3
2.93,4
2.92,3
2.2,4
2.49,4
2.6,4
2.48,4
2.33,1
2.5,3
2.58,3
2.72,3
2.24,1
2.8,1
2.67,1
2.74,3
2.24,1
2.24,3
2.01,2
2.92,3
2.15,4
2.83,3
2.58,3
2.92,4
2.25,4
2.68,3
2.7,4
2.6,1
3,4
2.53,2
2.18,1
2.39,4
2.27,4
2.96,1
2.34,4
2.2,3
2.98,1
2.69,2
2.38,1
2.07,3
2.73,1
2.13,4
2.77,3
2.61,4
2.75,2
2.53,2
2.14,3
2.32,2
2.76,2
2.46,2
2.74,4
2.76,4
2.71,1
2.9,2
2.23,4
2.88,2
2.94,3
2.1,1
2.37,1
2.48,4
2.63,3
2.1,1
2.69,1
2.14,3
2.19,1
2.15,4
2.45,1
2.17,2
2.28,2
2.69,1
2.3,1
2.95,4
2.6,1
2.75,4
2.9,1
2.57,1
2.94,2
2.81,3
2.39,1
2.78,1
2.22,4
2.9,1
2.94,2
2.44,1
2.03,1
2.79,3
2.89,1
2.03,3
2.06,3
2.69,2
2.92,3
2.21,1
2.13,1
2.28,2
2.42,3
2.51,2
2.9,2
2.5,2
2.81,1
2.82,2
2.27,4
2.96,3
2.79,3
2.73,1
2.64,3
2.3,2
2.75,2
2.18,4
2.14,3
2.68,1
2.25,4
2.33,3
2.26,4
2.92,1
2.26,2
2.17,2
2.55,1
2.61,4
2.33,2
2.79,1
2.69,1
2.17,4
2.9,3
2.99,4
2.6,4
2.57,3
2.18,1
2.3,4
2.01,3
2.01,1
2.6,2
2.26,4
2.95,1
2.92,2
2.62,1
2.43,3
2.96,1
2.2,3
2.81,2
2.32,3
2.46,4
2.44,4
2.41,3
2.04,1
2.62,4
2.13,1
2.34,2
2.49,1
2.08,4
2.07,3
2.48,1
2.34,4
2.65,4
2.84,2
2.42,2
2.25,4
2.48,4
2.65,3
3,3
2.29,4
2.54,4
2.2,3
2.36,4
2.69,4
2.2,4
2.87,3
2.6,1
2.7,2
2.77,2
2.05,1
2.02,3
2.63,1
2.04,2
2.06,4
2.25,3
2.62,3
2.8,3
2.6,1
2.63,4
2.28,2
2.96,4
2.57,2
2.32,3
2.9,1
2.24,4
2.36,1
2,1
2.26,4
2.92,2
2.97,4
2.08,3
2.12,4
2.72,2
2.55,1
3,3
2.5,2
2.23,3
2.11,4
2.64,4
2.22,2
2.23,3
2.61,1
2.81,3
2.22,2
2.4,3
2.91,2
2.85,1
2.39,2
2.04,4
2.37,3
2.52,1
2.04,3
2.62,2
2.44,1
2.98,3
2.27,2
2.29,4
2.87,2
2.81,3
2.96,4
2.26,1
2.59,3
2.02,2
2.37,3
2.1,3
2.11,3
2.96,2
2.68,2
2.11,1
2.37,1
2.97,1
2.36,3
2.66,1
2.96,4
2.42,1
2.61,3
2.17,1
2.75,3
2.4,4
2.54,2
2.53,2
2.18,4
2.67,3
2.4,2
2.28,1
2.48,3
2.16,1
2.63,2
2.43,1
2.24,3
2.04,1
2,4
2.9,2
2.26,1
2.21,1
2.93,4
2.9,4
2.33,4
2.75,1
2.45,2
2.71,3
2.48,2
2.67,3
2.13,3
2.87,4
2.93,4
2.4,2
2.93,4
2.01,2
2.95,4
2.69,3
2.56,2
2.9,4
2.53,2
2.61,2
2.89,1
2.98,4
2.73,4
2.76,2
2.61,4
2.58,1
2.68,2
2.57,1
2.12,4
2.32,3
2.81,1
2.56,2
2.61,3
2.54,2
2.28,4
2.66,2
2.14,1
2.8,4
2.22,3
2.41,2
2.34,1
2.85,1
2.79,2
2.43,3
2.41,2
2.8,2
2.93,1
2.98,4
2.04,2
2.86,1
2.87,3
2.6,2
2.95,2
2.79,3
2.55,4
2.74,1
2.56,4
2.78,4
2.53,3
2.88,3
2.68,4
2.38,2
2.71,4
2.43,2
2,1
2.55,2
2.94,1
2.72,4
2.37,2
2.38,3
2.55,3
2.49,4
2.02,4
2.68,4
2.22,2
2.36,2
2.02,2
2.04,3
2.9,2
2.05,2
2.62,2
2.24,4
2.11,3
2.77,4
2.21,3
2.33,2
2.85,4
2.28,4
2.11,2
2.18,3
2.34,4
2.25,2
2.54,3
2.91,2
2.9,4
2.87,2
2.6,4
2.6,1
2.86,3
2.94,2
2.41,2
2.36,1
2.99,4
2.06,2
2.1,4
2.65,1
2.46,3
2.48,2
2.51,4
2.58,2
2.84,1
2.55,1
2.22,4
2.15,2
2.42,4
2.39,3
2.98,4
2.48,3
2.63,4
2.16,1
2.97,3
2.31,1
2.16,2
2.12,2
2.11,3
2.48,3
2.93,2
2.01,3
2.13,2
2.87,1
2.04,3
2.8,3
2.81,2
2.36,1
2.24,3
2.66,4
2.33,1
2.66,2
2.77,4
2.08,3
2.52,1
2.48,1
2.68,3
2.52,2
2.54,1
2.48,3
2.16,3
2.56,4
2.05,4
2.41,2
2.8,1
2.36,2
2.96,2
2.62,4
2.12,3
2.81,2
2.65,4
2.48,2
2.28,2
2.77,2
2.21,3
2.62,4
2.04,4
2.96,3
2.35,3
2.9,2
2.14,3
2.96,4
2.44,1
2.91,3
2.11,4
2.21,3
2.12,4
2.28,4
2.84,3
2.26,2
2.81,2
2.57,1
2.2,2
2.99,1
2.69,3
2.8,2
2.17,2
2.99,2
2.35,2
2.26,2
2.26,2
2.4,2
2.93,2
2.42,3
2.93,4
2.82,4
2.16,4
2.02,1
2.38,3
2.22,1
2.1,2
2.7,2
2.8,2
2.8,1
2.59,1
2.75,2
2.08,3
2.77,1
2.44,4
2.34,1
2.86,4
2.38,1
2.74,3
2.22,1
2.35,1
2.16,3
2.91,4
2.35,1
2.75,3
2.4,3
2.35,3
2.07,3
2.53,4
2.9,2
2.98,2
2.47,1
2.26,2
2.8,4
2.14,1
2.28,1
2.14,3
2.81,1
2.89,2
2.36,1
2.01,1
2.39,3
2.03,2
2.86,1
2.12,3
2.75,3
2.7,4
2.6,1
2.46,1
2.12,3
2.77,4
2.86,1
2.18,1
2.64,1
2.98,1
2.5,3
2.28,3
2.58,4
2.96,2
2.91,3
2.2,3
2.68,4
2.2,4
2.28,2
2.11,2
2.7,3
2.5,1
2.93,3
2.86,1
2.79,3
2.9,3
2.17,4
2.92,1
2.87,1
2.01,2
2.62,1
2.93,3
2.79,3
2.33,2
2.45,3
2.67,2
2.91,4
2.57,2
2.01,3
2.98,2
2.69,4
2.23,2
2.44,4
2.01,1
2.76,2
2.98,1
2.13,4
2.35,3
2.11,2
2.71,1
2.04,2
2.11,2
2.62,4
2.41,3
2.44,1
2.64,3
2.85,4
2.56,4
2.28,1
2.9,1
2.06,3
2.96,2
2.8,2
2.16,4
3,1
2.49,1
2.94,3
2.39,4
2.25,2
2.76,2
2.06,1
2.01,2
2.14,3
3,1
2.35,1
2.75,3
2.32,2
2.35,3
2.38,1
2.68,3
2.51,1
2.87,1
2.78,2
2.31,4
2.68,3
2.68,2
2.05,3
2.53,2
2.22,4
2.72,2
2.02,2
2.73,1
2.45,3
2.94,1
2.44,2
2.37,3
2.93,2
2.76,3
2.21,4
2.04,3
2.68,3
2.89,2
2.14,1
2.02,4
2.46,4
2.96,1
2.9,4
2.12,3
2.95,2
2.64,1
2.61,3
2.63,4
2.27,2
2.2,4
2.92,1
2.01,4
2.22,3
2.92,4
2.87,3
2.17,1
2.96,1
3,3
2.57,3
2.03,1
2.47,4
2.25,4
2.98,1
2.19,3
2.94,2
2.06,1
2.16,1
2.56,3
2.22,4
2.69,2
2.38,3
2.99,1
2.13,1
2.61,3
2.97,2
2.11,3
2.95,2
2.89,2
2.36,3
2.66,3
2.32,3
2.36,2
2.08,1
2.86,3
2.27,3
2.85,4
2.18,3
2.63,4
2.38,4
2.47,2
2.79,3
2.85,4
2.01,4
2.44,4
2.69,4
2.78,2
2.67,1
2.9,1
2.41,1
2.63,1
2.82,1
2.55,3
2.39,3
2.13,1
2.26,3
2.05,2
2.67,2
2.85,2
2.97,2
2.66,2
2.29,1
2.8,3
2.75,2
2.55,1
2.13,1
2.17,3
2.22,4
2.96,2
2.06,1
2.58,2
2.81,2
2.51,4
2.34,4
2.64,4
2.15,2
2.39,2
2.3,3
2.51,2
2.87,3
2.8,4
2.43,1
2.13,3
2.29,3
2.26,4
2.92,3
2.16,4
2.39,2
2.99,1
2.56,4
2.62,4
2.8,1
2.31,2
2.93,1
2.48,4
2.72,1
2.04,3
2.53,1
2.57,4
2.77,3
2.34,1
2.19,1
2.63,3
2.57,3
2.98,1
2.07,2
2.38,1
2.21,4
2.81,3
2.9,4
2.9,2
2.45,1
2.02,4
3,2
2.86,2
2.29,3
2.98,4
2.86,4
2.74,2
2.65,1
2.03,1
2.19,3
2.2,1
2.57,3
2.53,2
2.73,1
2.61,3
2.68,1
2.06,2
2.82,4
2.79,4
2.15,1
2.78,1
2.97,2
2.97,4
2.18,1
2.58,3
2.61,1
2.99,2
2.96,2
2.87,1
2.13,3
2.8,1
2.73,4
2.5,1
2.9,2
2.53,4
2.7,3
2.5,4
2.45,2
2.3,2
2.09,1
2.14,1
2.76,4
2.33,1
2.1,3
2.2,3
2.32,2
2.85,2
2.73,1
2.82,3
2.48,2
2.81,1
2.53,3
2.18,4
2.85,1
2.26,1
2.85,4
2.52,4
2.28,1
2.99,4
2.18,1
2.13,4
2.49,2
2.84,3
2.01,2
2.05,4
2.84,3
2.95,3
2.18,2
2.69,3
2.72,1
3,1
2.25,4
2.49,3
2.19,3
2.52,3
2.53,4
2.37,2
2.04,1
2.22,2
2.32,3
2.86,4
2.98,3
2.14,4
2.74,4
2.08,1
2.87,3
2.71,3
2.2,2
2.41,3
2.15,4
2.38,4
2.36,1
2.71,2
2.09,2
2.12,4
2.35,3
2.85,1
2.61,4
2.52,3
2.97,3
2.27,2
2.22,1
2.98,4
2.09,1
2.4,4
2.33,1
2.09,3
2.24,2
2.59,2
2.71,4
2.88,2
2.12,1
2.63,3
2.06,1
2.5,4
2.22,4
2.61,1
2.58,1
2.52,4
2.25,4
2.37,2
2.46,3
2.88,2
2.78,1
2.74,3
2.48,4
2.14,2
2.61,4
2.09,2
2.54,1
2.94,2
2.98,1
2.79,2
3,3
2.87,3
3,4
2.65,1
2.46,4
2.45,2
2.95,1
2.47,2
2.67,2
2.2,4
2.25,2
2.34,4
2.3,2
2.56,4
2.2,2
2.55,4
2.06,4
2.46,3
2.65,2
2.46,1
2.22,2
2.22,1
2.69,1
3,4
2.83,4
2.98,3
2.74,3
2.97,2
2.16,1
2.18,3
2.13,4
2.83,3
2.75,2
2.56,2
2.22,3
2.98,4
2.02,1
2.61,3
2.11,2
2.44,3
2.01,2
2.11,2
2.64,1
2.99,4
2.93,4
2.15,4
2.14,4
2.67,2
2.27,4
2.75,1
2.12,1
2.29,2
2.07,2
2.88,2
2.9,1
2.85,3
2.32,1
2.77,4
2.33,4
2.92,1
2.17,1
2.71,4
2.89,2
2.54,2
2.36,3
2.15,1
2.43,3
2.87,3
2.64,4
3,1
2.52,3
2.85,2
2.16,2
2.6,3
2.73,3
2.74,2
2.88,3
2.51,3
2.47,4
2.41,2
2.66,3
2.21,1
2.24,4
2.95,4
2.39,3
3,4
2.47,4
2.41,4
2.8,4
2.34,4
2.38,1
2.98,4
2.56,4
2.97,2
2.09,1
2.33,2
2.56,1
2.26,4
2.57,2
2.52,3
2.31,2
2.46,2
2.27,1
2.2,1
2.61,4
2.58,1
2.35,1
2.5,2
2.1,2
2.93,3
2.49,2
2.67,3
2,4
2.62,1
2.36,3
2.12,1
2.72,4
2.46,3
2.74,4
3,3
2.66,3
2.19,3
2.37,1
2.59,3
2.1,4
2.06,1
2.03,1
2.88,4
2.9,4
2.48,4
2.99,1
2.19,3
2.98,4
2.57,4
2.81,2
2.76,4
2.97,3
2.93,1
2.92,3
2.7,2
2.07,2
2.58,4
2.57,4
2.95,4
2.44,1
2.33,4
2.89,4
2.44,2
2.3,3
2.39,1
2.64,2
2.76,4
2.04,4
2.66,3
2.51,3
2.47,3
2.98,2
2.75,3
2.8,2
2.36,3
2.98,4
2.17,4
2.75,4
2.61,1
2.19,2
2.13,1
2.36,4
2.32,4
2.2,4
2.81,3
2.85,4
2.42,3
2.68,1
2.63,3
2.62,1
2.74,3
2.88,2
2.19,1
2.73,3
2.23,2
2,1
2.73,4
2.1,3
2.63,2
2.14,3
2.38,4
2.31,2
2.89,4
2.76,2
2.67,2
2.82,3
2.95,3
2.9,3
2.4,3
2.28,4
2.86,2
2.15,1
2.99,3
2.55,2
2.24,3
2.21,1
2.23,2
2.2,4
2.72,3
3.2,3
3.87,3
3.4,3
3.08,2
3.08,2
3.33,3
3.47,2
3.99,4
3.87,2
3.67,4
3.31,3
3.56,4
3.33,3
3.01,2
3.53,2
3.48,4
3.48,4
4,3
3.88,4
3.28,4
3.38,2
3.27,3
3.7,2
3.89,2
3.95,4
3.86,3
3.09,2
3.81,2
3.17,2
3.63,2
3.04,2
3.2,4
3.65,2
3.43,2
3.95,3
3.96,2
3.67,2
3.07,4
3.8,3
3.11,2
3.74,3
3.38,3
3.21,2
3.88,2
3.43,4
3.65,4
3.75,3
3.69,4
3.87,3
3.29,4
3.59,3
3.89,3
3.41,4
3.53,2
3.19,3
3.69,2
3.16,3
3.48,2
3.96,3
3.46,3
3.03,4
3.11,4
3.19,2
3.24,4
3.31,4
3.11,4
3.07,4
3.22,2
3.52,3
3.01,2
3.78,2
3.58,2
3.31,2
3.33,3
3.66,2
3.87,2
3.1,2
3,4
3.02,2
3.23,2
3.22,2
3.81,2
3.05,3
3.29,3
3.49,3
3.17,4
3.16,4
3.75,2
3.74,4
3.97,3
3.55,2
3.46,4
3.84,2
3.95,2
3.47,2
3.88,2
3.68,2
3.67,4
3.34,2
3.75,2
3.11,4
3.71,3
3.36,3
3.84,2
3.61,4
3.36,4
3.53,4
3.76,3
3.3,2
3.15,3
3.72,4
3.93,2
3.19,2
3.67,2
3.69,2
3.82,4
3.35,4
3.63,3
3.91,2
3.91,3
3.01,3
3.17,2
3.08,4
3.82,3
3.42,4
3.11,4
3.63,2
3.6,3
3.89,3
3.74,2
3.13,3
3.92,2
3.84,2
3.56,2
3.52,2
3.8,4
3.07,4
3.64,2
3.18,3
3.33,2
3.09,4
3.68,2
3.52,2
3.46,2
3.66,2
3.43,4
3.41,4
3.29,3
3.5,2
3.62,2
3.98,3
3.6,2
3.3,2
3.15,3
3.41,3
3.86,2
3.52,2
3.83,2
3.33,3
3.59,4
3.88,4
3.51,4
3.97,3
3.12,2
3.8,4
3.29,3
3.71,4
3.65,2
3.76,2
3.97,4
3.9,4
3.96,4
3.44,4
3.77,4
3.75,2
3.66,2
3.01,2
3.95,3
3.01,4
3.6,4
3.11,2
3.83,2
3.6,2
3.75,2
3.35,2
3.6,4
3.63,2
3.37,4
3.82,2
3.8,4
3.76,2
3.26,2
3.87,3
3.8,2
3.13,3
3.5,2
3.75,2
3.76,2
3.41,2
3.87,2
3.97,2
3.34,2
3.52,3
3.99,2
3.29,4
3.5,3
3.15,4
3.17,2
3.75,3
3.53,4
3.97,3
3.66,4
3.1,4
3.82,3
3.48,3
3.98,2
3.92,2
3.51,3
3.82,4
3.09,3
3.08,2
3.66,4
3.43,3
3.95,2
3.12,4
3.24,2
3.51,4
3.01,4
3.38,2
3.01,2
3.06,2
3.54,2
3.95,2
3.77,3
3.36,4
3.25,2
3.82,2
3.5,3
3.78,2
3.31,2
3.32,2
3.29,2
3.36,2
3.52,3
3.54,2
3.15,2
3.83,2
3.99,2
3.74,3
3.17,2
3.09,4
3.44,2
3.59,2
3.71,2
3.27,4
3.94,3
3.79,2
3.84,2
3.69,3
3.65,2
3.78,2
3.49,4
3.19,2
3.91,2
3.94,2
3.34,2
3.42,2
3.95,3
3.06,3
3.74,2
3.24,3
3.13,2
3.22,4
3.8,2
3.13,2
3.76,3
3.23,2
3.83,3
3.61,4
3.25,3
3.64,2
3.3,2
3.89,3
3.42,4
3.81,2
3.89,2
3.92,2
3.69,4
3.28,3
3.7,2
3.34,2
3,2
3.21,2
3.67,2
3.8,4
3.17,2
3.44,2
3.52,2
3.72,2
3.71,3
3.67,2
3.67,2
3.11,4
3.83,2
3.31,2
3.95,3
3.56,2
3.15,2
3.63,4
3.94,3
3,3
3.95,4
3.93,4
3.52,2
3.52,3
3.86,3
3.34,3
3.98,2
3.3,2
3.28,3
3.57,4
3.03,3
3.79,4
3.97,3
3.06,4
3.73,2
3.98,4
3.53,4
3.75,2
3.74,4
3.03,4
3.91,2
3.99,2
3.54,3
3.65,3
3.35,4
3.41,2
3.06,4
3.98,2
3.5,4
3.89,4
3.56,2
3.23,3
3.13,4
3.08,2
3.01,2
3.95,2
3.84,4
3.1,2
3.1,2
3.48,3
3.22,2
3.02,2
3.36,2
3.87,2
3.82,2
3.12,2
3.69,3
3.83,3
3.47,2
3.72,3
3.19,4
3.77,3
3.27,3
3.34,2
3.99,2
3.71,2
3.21,3
3.14,2
3.28,2
3.77,4
3.84,4
3.3,2
3.93,2
3.53,3
3.1,2
3.59,4
3.49,2
3.83,3
3.41,2
3.71,2
3.4,2
3.69,2
3.34,2
3.29,4
3.1,2
3.05,3
3.46,2
3.08,2
3.6,2
3.53,3
3.32,2
3.81,4
3.9,4
3.18,4
3.67,3
3.61,2
3.93,2
3.99,4
3.67,3
3.01,3
3.21,4
3.56,4
3.82,2
3.88,4
3.84,2
3.41,2
3.17,2
3.18,3
3.36,4
3.81,2
3.56,3
3.25,2
3.03,2
3.68,2
3.12,4
3.57,2
3.26,2
3.76,4
3.91,2
3.23,4
3.14,4
3.79,4
3.07,4
3.33,2
3.02,4
3.68,3
3.25,3
3.02,2
3.59,2
3.45,2
3.03,2
3.74,4
3.76,2
3.74,4
3.29,2
3.2,4
3.28,4
3.17,2
3.51,2
3.15,2
3.18,2
3.05,4
3.4,4
3.14,2
3.4,4
3.28,3
3.12,4
3.01,4
3.46,2
3.01,4
3.11,4
3.49,3
3.38,3
3.46,2
3.39,2
3.98,4
3.42,2
3.63,3
3.71,2
3.23,2
3.89,3
3.98,4
3.28,2
3.86,2
3.3,2
3.16,3
3.27,2
3.6,2
3.4,2
3.68,2
3.37,3
3.03,4
3.35,4
3.06,4
3.63,2
3.3,3
3.6,2
3.22,2
3.72,4
3.48,4
3.15,4
3.24,2
3.92,3
3.67,2
3.79,3
3.4,2
3.94,4
3.61,3
3.51,2
3.18,2
3.89,4
3.57,3
3.03,2
3.42,2
3.95,3
3.55,2
3.02,3
3.11,2
3.04,3
3.46,4
3.59,3
3.33,3
3.46,4
3.52,3
3,3
3.66,4
3.21,3
3.65,2
3.15,3
3.2,2
3.12,3
3.49,3
3.16,2
3.42,2
3.39,2
3.9,2
3.56,4
3.62,3
3.91,3
3.29,2
3.23,2
3.42,4
3.65,3
3.68,2
3.32,2
3.67,3
3.22,2
3.73,2
3.57,4
3.58,2
3.53,4
3.86,2
3.94,3
3.35,2
3.66,4
3.6,2
3.28,3
3.35,2
3.36,3
3.74,2
3.94,4
3.21,3
3.58,2
3.44,2
3.43,2
3.39,2
3.26,3
3.44,2
3.12,2
3.68,2
3.85,4
3.51,2
3.48,4
3.87,2
3.88,2
3.25,2
3.33,4
3.2,2
3.28,2
3.37,4
3.91,4
3.68,4
3.02,3
3.47,2
3.91,2
3.28,4
3.91,4
3.93,2
3.67,4
3.81,3
3.76,3
3.67,2
3.5,2
3.12,2
3.87,2
3.04,4
3.98,3
3.51,4
3.78,2
3.62,4
3.89,4
3.31,4
3.65,4
3.79,2
3.57,3
3.08,3
3.87,4
3.11,3
3.14,2
3.72,2
3.94,2
3.1,4
3.47,2
3.44,4
3.94,2
3.61,4
3.18,2
3.75,2
3.42,4
3.53,3
3.79,2
3.69,3
3.95,4
3.32,2
3.42,4
3.48,4
3.05,2
3.06,4
3.21,4
3.43,3
3.64,3
3.12,4
3.36,3
3.29,2
3.91,2
3.36,3
3.1,4
3.55,2
3.87,2
3.54,2
3.04,3
3.14,4
3.5,2
3.07,4
3.48,4
3.7,2
3.08,4
3.69,3
3.84,3
3.49,4
3.06,2
3.66,3
3.26,2
3.65,2
3.11,3
3.75,4
3.1,3
3.59,3
3.44,4
3.25,4
3.39,2
3.27,4
3.32,2
3.45,2
3.34,2
3.59,3
3.47,3
3.28,2
3.03,4
3.94,3
3.96,4
3.79,4
3.28,4
3.74,4
3.84,2
3.96,2
3.67,2
3.43,3
3.99,4
3.77,2
3.82,4
3.56,4
3.05,3
3.96,2
3.9,2
3.67,3
3.95,2
3.87,3
3.7,2
3.83,2
3.82,3
3.59,2
3.38,2
3.94,2
3.56,2
3.69,2
3.52,3
3.76,2
3.15,3
3.63,2
3.93,4
3.43,2
3.05,3
3.92,4
3.23,2
3.64,2
3.8,2
3.4,4
3.05,3
3.14,2
3.55,2
3.43,2
3.49,2
3.89,2
3.87,3
3.86,4
3.22,3
3.58,4
3.96,2
3.39,3
3.38,4
3.23,4
3.98,2
3.76,3
3.66,4
3.75,4
3.15,4
3.5,3
3.21,4
3.55,3
3.89,4
3.11,2
3.61,2
3.43,3
3.3,2
3.84,2
3.7,4
3.51,2
3.77,4
3.53,2
3.12,2
3.64,3
3.92,2
3.95,3
3.64,4
3.04,4
3.46,2
3.24,4
3.02,2
3.82,2
3.84,4
3,2
3.75,2
3.32,2
3.41,3
3.81,3
3.58,4
3.24,2
3.91,4
3.32,2
3.42,3
3.81,2
3.98,2
3.76,2
3.91,2
3.45,4
3.62,2
3.63,2
3.53,2
3.46,2
3.57,3
3.8,3
3.21,2
3.99,3
3.69,2
3.6,2
3.55,4
3.17,2
3.62,2
3.31,4
3.43,3
3.54,2
3.19,4
3.8,2
3.59,2
3.12,2
3.27,2
3.13,2
3.85,4
3.32,2
3,3
3.92,4
3.11,4
3.6,2
3.63,2
3.98,2
3.74,2
3.33,2
3.57,4
3.06,4
3.46,2
3.29,2
3.57,2
3.12,4
3.09,2
3.76,2
3.22,3
3.31,3
3.5,2
3.34,4
3.66,2
3.77,2
3.99,4
3.84,3
3.51,4
3.96,2
3.86,2
3.56,2
3.7,4
3.69,3
3.28,2
3.59,3
3.42,4
3.11,2
3.74,2
3.6,2
3.77,2
3.88,4
3.43,4
3.56,2
3.38,3
3.45,2
3.19,2
3.93,2
3,4
3.14,4
3.89,2
3.51,2
3.32,4
3.52,2
3.31,3
3.01,2
3.39,2
3.21,3
3.2,3
3.32,3
3.36,2
3.68,2
3.85,4
3.99,4
3.22,2
3.49,2
3.82,3
3.96,2
3.77,3
3.73,2
3.02,4
3.73,2
3.09,2
3.69,3
3.29,4
3.06,2
3.31,2
3.67,2
3.74,3
3.1,2
3.62,4
3.86,4
3.17,2
3.46,3
3.14,3
3.28,4
3.37,2
3.78,4
3.23,3
3.75,2
3.12,2
3.89,2
3.85,4
3.36,2
3.7,2
4,2
3.52,3
3.27,2
3.78,4
3.5,3
3.27,2
3.91,2
3.01,4
3.03,4
3.36,2
3.64,2
3.37,3
3.99,3
3.22,2
3.51,4
3.07,2
3.31,4
3.55,2
3.5,2
3.34,2
3.54,3
3.29,4
3.67,3
3.69,2
3.42,3
3.65,2
3.95,2
3.35,4
3.79,3
3.3,2
3.03,2
3.13,2
3.53,4
3.41,2
3.45,2
3.32,2
3.54,2
3.03,2
3.56,2
3.31,2
3.82,4
3.93,3
3.92,2
3.61,2
3.98,4
3.4,4
3.15,4
3.86,3
3.99,2
3.37,3
3.51,4
3.29,3
3.58,3
3.26,4
3.36,4
3.38,3
3.12,4
3.86,4
3.96,3
3.2,2
3.88,4
3.24,2
3.01,2
3.36,3
3.17,2
3.11,2
3.38,2
3.25,4
3.02,3
3.56,2
3.08,4
3.67,2
3.03,2
3.6,2
3.97,4
3.08,3
3.53,3
3.66,2
3.06,4
3.68,4
3.02,2
3.51,3
3.98,4
3.23,2
3.78,2
3.03,3
3.52,2
3.27,2
3.01,2
3.72,2
3.91,3
3.16,2
3.21,2
3.58,3
3.89,2
3.37,2
3.72,2
3.66,4
3.79,4
3.97,3
3.1,3
3.54,2
3.43,2
3.75,2
3.91,2
3.59,3
3.04,4
3.58,4
3.66,4
3.64,2
3.96,3
3.3,2
3.34,4
3.83,2
3.21,2
3.83,4
3.47,4
3.98,2
3.91,2
3.84,4
3.87,2
3.92,2
3.56,2
3.56,3
3.75,3
3.09,2
3.65,2
3.34,2
3.02,2
3.71,2
3.47,4
3.76,4
3.01,4
3.87,2
3.29,2
3.13,2
3.82,3
3.9,2
3.88,4
3.46,4
3.84,2
3.4,2
3.22,2
3.26,2
3.96,2
3.52,2
3.49,2
3.61,4
3.05,2
3.05,2
3.26,4
3.34,4
3.22,2
3.39,4
3.22,2
3.5,4
3.51,2
3.09,2
3.15,2
3.41,3
3.02,2
3.48,3
3.27,3
3.3,4
3.15,2
3.85,2
3.59,3
3.6,4
3.47,3
3.81,2
3.87,3
3.64,2
3.14,2
3.26,3
3.34,2
3.75,3
3.12,2
3.15,3
3.28,4
3.55,3
3.25,3
3.1,4
3.91,2
3.25,2
3.52,4
3.98,3
3.86,2
3.08,4
3.75,3
3.39,3
3.75,3
3.61,2
3.13,2
3.04,2
3.32,2
3.35,4
3.43,3
3.78,2
3.26,4
3.72,2
3.2,4
3.71,2
3.21,2
3.97,2
3.68,3
3.84,2
3.81,3
3.72,2
3.75,2
3.11,3
3.47,2
3.97,2
3.6,2
3.55,4
3.63,2
3.9,2
3.69,3
3.37,4
3.56,3
3.78,2
3.58,3
3.53,3
3.31,3
3.1,2
3.74,2
3.7,3
3.44,4
3.82,2
3.9,3
3.72,3
3.22,4
3.57,2
3.7,2
3.14,3
3.49,4
3.78,4
3.24,4
3.44,2
3.12,2
3.17,2
3.17,2
3.15,3
3.01,2
3.68,2
3.11,3
3.3,3
3.78,4
3.38,2
3.88,3
3.29,2
3.11,4
3.22,3
3.71,2
3.21,2
3.31,3
3.64,3
3.08,3
3.86,3
3.91,4
3.98,2
3.6,2
3.44,2
3.6,2
3.8,3
3.83,2
3.1,3
3.43,4
3.67,3
3.23,4
3.59,3
3.1,2
3.77,2
3.04,3
3.25,3
3.73,3
3.31,4
3.35,2
3.86,2
3.65,2
3.71,2
3.45,4
3.87,2
3.94,2
3.02,4
3.52,4
3.99,2
3.3,4
3.3,4
3.26,2
3.92,4
3.38,2
3.99,4
3.61,4
3.76,2
3.28,2
3.9,2
3.8,4
3.55,3
3.96,4
3.61,3
3.83,4
3.87,4
3.47,2
3.73,3
3.52,2
3.79,3
3.43,2
3.96,4
3.56,2
3.72,2
3.11,2
3.24,2
3.3,2
3.38,3
3.26,4
3.07,2
3.34,3
3.26,4
3.6,4
3.42,2
3.63,2
3.52,3
3.12,2
3.63,2
3.5,2
3.02,3
3.56,2
3.75,4
3.52,4
3.27,3
3.42,2
3.24,4
3.39,4
3.03,2
3.61,2
3.87,3
3.78,3
3.83,2
3.22,2
3.1,3
3.22,4
3.02,4
3.44,2
3.32,3
3.27,2
3.11,2
3.46,4
3.88,3
3.97,2
3.43,2
3.2,2
3.89,2
3.34,2
3.08,2
3.49,2
3.31,3
3.83,2
3.89,3
3.24,2
3.39,4
3.25,4
3.86,4
3.16,2
3.41,3
3.11,3
3.27,2
3.67,3
3.96,4
3.63,2
3.78,4
3.09,4
3.64,2
3.72,2
3.44,2
3.48,3
3.18,2
3,3
3.56,4
3.76,2
3.36,3
3.5,3
3.4,2
3.98,3
3.52,2
3.11,2
3.45,4
3.58,4
3.32,2
3.06,3
3.34,3
3.79,3
3.03,2
3.49,2
3.08,4
3.26,3
3.02,4
3.98,4
3.84,3
3.85,2
3.33,4
3.51,4
3.23,2
3.79,2
3.36,2
3.38,2
3.32,2
3.99,4
3.12,2
3.89,2
3.86,3
3.11,4
3.69,4
3.33,3
3.24,3
3.09,4
3.84,4
3.38,2
3.98,2
3.29,2
3.31,3
3.66,2
3.92,2
3.9,2
3.38,4
3.1,3
3.35,2
3.57,4
3.09,4
3.9,2
3.9,3
3.94,4
3.69,2
3.67,2
3.08,3
3.85,2
3.5,2
3.63,3
3.07,3
3.24,2
3.87,2
3.36,2
3.44,2
3.34,2
3.52,2
3.48,2
3.17,2
3.67,4
3.06,3
3.6,3
3.7,2
3.41,2
3.1,4
3.43,2
3.3,3
3.17,2
3.16,2
3.68,2
3.59,2
3.98,4
3.05,2
3.12,4
3.52,2
3.16,2
3.27,3
3.62,2
3.86,3
3.98,4
3.67,3
3.53,2
3.8,4
3.93,4
3.31,2
3.35,3
3.97,3
3.55,3
3.45,4
3.11,3
3.76,2
3.77,2
3.24,3
3.75,2
3.83,2
3.18,2
3.6,2
3.1,3
3.02,3
3.15,4
3.86,4
3.23,2
3.25,3
3.99,2
3.3,2
3.9,4
3.11,2
3.18,3
3.12,2
3.83,2
3.4,4
3.64,4
3.94,3
3.49,2
3.23,2
3.26,2
3.33,2
3.13,2
3.49,2
3.78,3
3.68,2
3.3,2
3.37,3
3.53,4
3.81,4
3.27,2
3.5,3
3.98,2
3.13,2
3.23,3
3.51,3
3.55,2
3.8,4
3,3
3.6,2
3.39,3
3.06,3
3.44,2
3.91,2
3.46,2
3.72,2
3.67,2
3.64,2
3.83,3
3.23,2
3.21,2
3.8,3
3.33,2
3.01,2
3.24,2
3.89,4
3.89,2
3.93,4
3.14,2
3.84,2
3.59,4
3.28,2
3.01,4
3.74,4
3.26,2
3.89,2
3.27,2
3.33,3
3.75,2
3.43,2
3.67,2
3.28,2
3.39,2
3.41,2
3.01,4
3.88,2
3.77,2
3.83,3
3.6,3
3.78,2
3.26,3
3.94,4
3.97,2
3.09,2
3.73,4
3,4
3.79,3
3.54,4
3.72,2
3.69,4
3.96,3
3.5,2
3.81,4
3.19,3
3.65,3
3.75,2
3.77,2
3.71,3
3.9,3
3.74,2
3.54,3
3.79,2
3.66,3
3.13,2
3.82,2
3.57,4
3.4,2
3.75,2
3.02,3
3.59,4
3.63,4
3.59,2
3.61,3
3.84,4
3.05,2
3.47,2
3.46,3
3.23,2
3.97,2
3.23,4
3.47,2
3.62,4
3.91,2
3.32,3
3.18,4
3.35,3
3.21,3
3.32,2
3.03,2
3.04,2
3.7,4
3.42,3
3.12,2
3.38,4
3.84,4
3.2,3
3.68,2
3.55,2
3.57,2
3.35,4
3.33,2
3.85,2
3.02,2
3.09,4
3.17,3
3.16,2
3.49,3
3.95,3
3.97,4
3.75,4
3.78,2
3.33,3
3.39,3
3.23,3
3.73,3
3.39,2
3.99,3
3.3,2
3.91,4
3.61,4
3.06,2
3.25,2
3.92,2
3.5,4
3.33,3
3.12,4
3.37,2
3.04,2
3.91,2
3.86,3
3.55,2
3.19,2
3.28,4
3.77,4
3.19,2
3.34,3
3.64,4
4,3
3.05,2
3.35,2
3.6,2
3.94,3
3.08,3
3.25,2
3.63,3
3.83,4
3.81,2
3.61,2
3.29,2
3.03,2
3.21,2
3.12,3
3.28,3
3.08,2
3.65,3
3.85,2
3.13,3
3.7,2
3.86,2
3.3,3
3.44,3
3.66,2
3.65,4
3.31,3
3.52,3
3.66,3
3.97,4
3.58,2
3.25,2
3.92,2
3.47,2
3.69,2
3.16,3
3.89,4
3.82,4
3.05,4
3.44,2
3.73,2
3.47,3
3.66,3
3.53,4
3.95,2
3.15,2
3.95,2
3.79,2
3.39,2
3.12,4
3.56,2
3.4,2
3.03,3
3.71,4
3.48,3
3.41,2
3.03,2
3.82,3
3.33,2
3.57,2
3.08,3
3.02,2
3.63,4
3.07,2
3.86,2
3.91,2
3.84,4
3.8,4
3.08,2
3.53,2
3.43,4
3.51,4
3.67,3
3.46,3
3.19,2
3.54,2
3.11,2
3.9,2
3.24,4
3.77,3
3.21,2
3.34,3
3.73,4
3.86,2
3.1,3
3.81,4
3.98,4
3.75,2
3.52,2
3.35,4
3.8,3
3.84,2
3.2,4
3.5,2
3.41,2
3.6,2
3.24,2
3.67,2
3.38,4
3.14,2
3.25,3
3.14,2
3.85,4
3.69,2
3.49,4
3.84,4
3.28,2
3.65,2
3.69,2
3.64,2
3.95,4
3.27,2
3.95,2
3.95,3
3.47,2
3.36,3
3.97,3
3.36,3
3.44,2
3.93,3
3.01,2
3.79,2
3.76,3
3.97,3
3.37,2
3.06,4
3.89,3
3.62,4
3.33,4
3.23,2
3.78,2
3.65,2
3.6,4
3.94,3
3.98,2
3.83,4
3.11,3
3.94,4
3.14,4
3.18,2
3.67,3
3.54,4
3.83,4
3.09,3
3.91,3
3.28,4
3.2,2
3.38,2
3.07,2
3.05,2
3.25,2
3.98,2
3.74,3
3.09,4
3.58,4
3.36,2
3.98,2
3.02,3
3.15,3
3.28,2
3.89,2
3.4,2
3.76,2
3.22,2
3.16,4
3.84,2
3.38,4
3.95,4
3.68,2
3.66,4
3.09,4
3.09,3
3.86,2
3.16,2
3.62,2
3.03,3
3.03,2
3.77,2
3.11,2
3.72,2
3.71,4
3.39,4
3.33,3
3.77,3
3.63,4
3.01,2
3.05,3
3.02,3
3.53,4
3.82,2
3.75,2
3.43,2
3.05,3
3.87,4
3.95,2
3.09,3
3.47,3
3.89,2
3.38,2
3.65,2
3.02,2
3.07,3
3.72,4
3.92,2
3.07,4
3.99,4
3.6,2
3.37,2
3.89,2
3.51,4
3.98,4
3.56,2
3.89,2
3.43,2
3.25,2
3.53,2
3.85,2
3.84,3
3.69,4
3.55,3
3.01,2
3.69,2
3.35,2
3.17,2
3.41,3
3.87,4
3.78,2
3.92,2
3.5,4
3.06,4
3.32,2
3.75,3
3.34,2
3.13,2
3.37,3
3.95,4
3.61,2
3.25,3
3.29,2
3.55,2
3.98,2
3.13,2
3.18,2
3.65,4
3.32,2
3.54,4
3.45,2
3.63,4
3.63,2
3.23,2
3.33,3
3.53,4
3.48,2
3.62,3
3.57,4
3.77,2
3.46,4
3.19,4
3.62,3
3.19,3
3.77,2
3.22,4
3.91,3
3.18,3
3.16,2
3.76,2
3.83,2
3.67,4
3.99,2
3.02,2
3.41,4
3.14,2
3.16,2
3.9,2
3.93,2
3.83,4
3.68,3
3.64,2
3.84,2
3.84,3
4.21,2
4.61,2
4.93,2
4.29,3
4.27,2
4.38,3
4.54,2
4.56,2
4.29,3
4.92,4
4.35,2
4.8,3
4.24,3
4.11,2
4.04,2
4.87,2
4.63,2
5,2
4.05,3
4.47,2
4.04,2
4.23,2
4.68,4
4.94,4
4.96,4
4.99,4
4.36,2
4.15,2
4.84,2
4.44,4
4.39,2
4.47,4
4.52,2
4.14,3
4.44,4
4.38,2
4.22,3
4.71,2
4.61,2
4.69,2
4.51,2
4.01,3
4.2,3
4.45,4
4.92,2
4.37,4
4.93,2
4.36,2
4.71,3
4.87,2
4.71,2
4.84,4
4.33,2
4.92,2
4.55,2
4.35,3
4.32,2
4.71,3
4.97,4
4.16,4
4.91,4
4.82,2
4.45,2
4.35,3
4.6,3
4.2,2
4.72,3
4.24,2
4,2
4.88,3
4.24,2
4.33,4
4.59,3
4.52,4
4.59,2
4.18,2
4.83,4
4.2,4
4.93,3
4.67,3
4.03,4
4.86,4
5,4
4.42,2
4.52,2
4.67,2
4.28,2
4.23,2
4.37,4
4.14,2
4.34,3
4.07,3
4.51,3
4.58,3
4.45,2
4.7,2
4.42,3
4.05,3
4.53,4
4.3,3
4.75,2
4.77,2
4.91,4
5,4
4.02,2
4.63,2
4.99,3
4.23,2
4.4,4
4.41,2
4.04,2
4.69,2
4.78,2
4.93,4
4.4,3
4.83,3
4.04,3
4.33,3
4.87,2
4.48,3
4.82,3
4.44,2
4.11,3
4.69,4
4.62,2
4.43,2
4.68,2
4.33,4
4.99,2
4.36,2
4.81,2
4.68,4
4.54,2
4.76,3
4.71,2
4.93,2
4.08,4
4.91,3
4.95,3
4.89,4
4.72,3
4.08,4
4.01,2
4.29,3
4.92,2
4.29,2
4.01,2
4.26,2
4.49,2
4.17,2
4.13,3
4.88,2
4.4,3
4.79,2
4.51,2
5,2
4.63,4
4.1,2
4.41,2
4.55,2
4.88,2
4.45,2
4.57,2
4.46,2
4.94,2
4.19,4
4.83,2
5,2
4.41,4
4.12,2
4.17,4
4.28,3
4.21,4
4.62,2
4.78,3
4.84,2
4.83,4
4.73,4
4.56,4
4.77,2
4.37,3
4.56,4
4.31,2
4.25,4
4.62,2
4.26,3
4.48,2
4.02,3
4.16,2
4.49,3
4.52,2
4.78,4
4.01,2
4.75,3
4.08,2
4.1,2
4.83,2
4.15,2
4.26,2
4.04,4
4.86,4
4.18,3
4.64,2
4.4,4
4.46,2
4.07,4
4.36,4
4.09,2
4.25,2
4.21,4
4.71,3
4.92,2
4.97,2
4.78,3
4.89,2
4.79,2
4.72,4
4.95,3
5,2
4.03,2
4.08,2
4.17,2
4.36,4
4.57,2
4.72,3
4.45,2
4.29,4
4.19,3
4.51,2
4.41,2
4.76,2
4.31,4
4.62,2
4.47,2
4.24,2
4.4,4
4.38,2
4.63,2
4.76,3
4.17,4
4.42,4
4.68,2
4.63,3
4.57,2
4.64,4
4.15,4
4.68,2
4.73,4
4.91,4
4.4,2
4.72,2
4.95,3
4.7,2
4.94,2
4.95,2
4.74,2
4.02,4
4.52,4
4.54,4
4.4,4
4.94,2
4.67,4
4.04,4
4.23,3
4.55,3
4.34,2
4.38,2
4.11,2
4.6,2
4.48,2
4.33,2
4.94,4
4.51,2
4.18,2
4.8,2
4.99,2
4.16,2
4.39,2
4.19,2
4.21,2
4.85,3
4.2,4
4.85,2
4.96,2
4.36,2
4.86,3
4.34,2
4.82,3
4.16,4
4.89,3
4.47,3
4.71,2
4.42,2
4.07,2
4.28,4
4.42,2
4.79,3
4.86,4
4.1,2
4.82,2
4.09,2
4.83,3
4.26,3
4.55,2
4.3,2
4.12,2
4.07,3
4.25,3
4.49,3
4.22,2
4.17,2
4.4,2
4.37,4
4.93,4
4.28,2
4.47,2
4.12,2
4.35,2
4.29,2
4.78,2
4.42,3
4.89,4
4.19,2
4.88,3
4.32,2
4.89,3
4.78,2
4.94,2
4.6,3
4.88,2
4.2,2
4.33,2
4.02,3
4.19,2
4.35,2
4.24,2
4.06,2
4.92,4
4.92,2
4.75,2
4.7,4
4.24,2
4.48,3
4.85,2
4.45,2
4.24,2
4.9,2
4.24,3
4.82,2
4.66,2
4.16,2
4.91,2
4.1,3
4.95,4
4.73,2
4.18,2
4.2,3
4.55,2
4.97,3
4.76,4
4.48,3
4.22,2
4.83,2
4.22,2
4.95,2
4.94,3
4.04,2
4.41,2
4.74,3
4.8,2
4.11,4
4.1,2
4.16,3
4.01,2
4.16,2
4.17,3
4.45,3
4.3,3
4.26,2
4.8,4
4.32,3
4.5,2
4.03,4
4.04,4
4.9,2
4.61,3
4.72,2
4.35,2
4.09,2
4.87,2
4.58,2
4.56,4
4.53,4
4.29,2
4.19,2
4.37,4
4.15,4
4.12,4
4.69,2
4.95,2
4.38,2
4.87,2
4.37,2
4.21,4
4.99,2
4.45,2
4.77,3
4.84,4
4.59,4
4.4,4
4.46,2
4.08,2
4.98,2
4.01,2
4.17,4
4.99,3
4.37,2
4.63,2
4.32,2
4.78,4
4.13,2
4.51,2
4.16,4
4.69,2
4.02,3
4.75,2
4.51,3
4.76,2
4.3,2
4.5,4
4.08,3
4.76,2
4.76,2
4.45,3
4.56,3
4.61,4
4.77,2
4.42,2
4.98,4
4.39,2
4.66,2
4.86,4
4.2,4
4.37,2
4.48,4
4.88,2
4.59,2
4.24,2
4.76,2
4.54,2
4.38,4
4.07,2
4.32,2
4.74,4
4.71,2
4.46,2
4.26,2
4.6,4
4.32,2
4.5,2
4.31,4
4.82,4
4.23,3
4.63,3
4.35,2
4.67,2
4.9,4
4.1,4
4.46,3
4.58,2
4.41,2
4.77,3
4.02,2
4.17,3
4.19,3
4.42,3
4.77,2
4.84,2
4.04,2
4.86,2
4.04,2
4.28,3
4.89,2
4.67,4
4.64,2
4.4,2
4.72,2
4.58,3
4.72,2
4.44,3
4.93,2
4.12,2
4.49,2
4.42,3
4.39,2
4.22,2
4.44,2
4.29,2
4.57,3
4.54,4
4.6,4
4.53,4
4.71,4
4.93,4
4.83,2
4.39,2
4.78,2
4.9,2
4.36,4
4.24,2
4.09,4
4.71,3
4.17,2
4.18,2
4.67,3
4.87,4
4.32,2
4.16,4
4.35,2
4.98,3
4.35,2
4.93,2
4.18,2
4.06,2
4.93,2
4.96,4
4.3,2
4.46,2
4.56,2
4.75,3
4.5,2
4.98,3
4.81,2
4.13,4
4.9,2
4.75,2
4.5,2
4.76,4
4.81,3
4.01,3
4.84,4
4.08,2
4.56,2
4.9,2
4.68,2
4.15,2
4.28,2
4.05,2
4.48,2
4.01,3
4.87,2
4.77,4
4.21,2
4.64,3
4.43,2
4.52,3
4.13,2
4.51,4
4.76,3
4.05,2
4.17,2
4.55,2
4.43,2
4.97,2
4.39,4
4.14,4
4.94,4
4.15,3
4.44,3
4.65,2
4.72,4
4.42,3
4.59,3
4.1,4
4.17,2
4.45,3
4.43,2
4.16,2
4.2,3
4.1,3
4.9,2
4.93,4
4.42,4
4.51,2
4.3,2
4.98,2
4.81,4
4.43,4
4.88,4
4.86,2
4.37,2
4.29,4
4.55,2
4.81,3
4.19,2
4.2,4
4.35,2
4.06,2
4.63,3
4.44,4
4.03,2
4.62,2
4.93,4
4.41,2
4.84,4
4.24,2
4.4,2
4.21,2
4.66,4
4.91,4
4.28,3
4.2,2
4.1,2
4.98,2
4.92,2
4.69,4
4.68,2
4.54,3
4.68,2
4.77,2
4.42,4
4.02,4
4.58,2
4.18,2
4.98,4
4.05,3
4.32,4
4.3,3
4.57,2
4.28,2
4.59,2
4.98,4
4.84,2
4.88,4
4.45,2
4.29,2
4.9,4
4.29,3
4.71,4
4.11,4
4.29,2
4.82,2
4.4,3
4.73,3
4.68,2
4.44,2
4.33,2
4.5,2
4.83,4
4.57,3
4.43,4
4.08,4
4.76,3
4.06,2
4.93,4
4.65,2
4.15,3
4.37,2
4.8,2
4.96,2
4.25,4
4.38,4
4.7,2
4.04,3
4.13,2
4.93,2
4.78,2
4.03,2
4.69,2
4.87,4
4.88,3
4.55,4
4.44,3
4.2,2
4.43,2
4.53,3
4.87,2
4.37,2
4.08,2
4.82,3
4.22,2
4.75,2
4.42,3
4.27,2
4.38,3
4.14,2
4.6,2
4.24,4
4.79,3
4.68,2
4.15,2
4.28,2
4.61,2
4.79,2
4.63,3
4.92,3
4.56,3
4.38,2
4.97,2
4.22,4
4.46,2
4.51,2
4.69,3
4.09,2
4.23,4
4.73,2
4.38,2
4.34,3
4.35,2
4.27,4
4.78,3
4.48,2
4.17,3
4.21,2
4.26,2
4.63,2
4.11,2
4.81,2
4.19,2
4.8,2
4.68,3
4.32,2
4.72,3
4.35,3
4.83,2
4.62,4
4.69,4
4.36,4
4.17,2
4.19,3
4.04,4
4.17,2
4.86,4
4.16,2
4.79,2
4.42,4
4.81,2
4.13,4
4.83,3
4.54,2
4.35,2
4.14,3
4.22,4
4.75,4
4,4
4.8,4
4.28,3
4.09,2
4.19,3
4.57,4
4.71,3
4.62,4
4.69,4
4.93,4
4.26,3
4.08,4
4.26,2
4.79,2
4.92,4
4.12,4
4.61,3
4.99,2
4.58,2
4.35,2
4.14,2
4.8,2
4.9,3
4.51,3
4.69,2
4.18,4
4.63,2
4.14,2
4.95,2
4.67,3
4.52,4
4.11,4
4.32,3
4.59,2
4.28,2
4.82,2
4.76,3
4.64,2
4.91,3
4.72,2
4.31,3
4.44,4
4.71,3
4.35,2
4.83,4
4.38,4
4.42,3
4.86,2
4.62,2
4.73,3
4.61,3
4.03,2
4.69,3
4.42,3
4.14,3
4.08,3
4.22,2
4.85,4
4.84,2
4.94,4
4.64,2
4.73,4
4.67,2
4.22,3
4.66,2
4.67,4
4.54,3
4.94,3
4.41,4
4.04,2
4.73,3
4.45,4
4.22,3
4.47,4
4.27,2
4.28,3
4.81,4
4.25,2
4.96,3
4.32,2
4.74,2
4.63,2
4.71,4
4.22,3
4.78,2
4.14,2
4.75,2
4.27,2
4.42,3
4.78,2
4.87,2
4.06,2
4.17,4
4.12,2
4.16,3
4.19,2
4.34,2
4.13,2
4.03,2
4.6,2
4.11,2
4.85,2
4.15,2
4.22,4
4.29,2
4.89,3
4.69,3
4.89,3
4.7,2
4.88,3
4.77,4
4.64,2
4.31,2
4.23,2
4.37,2
4.77,2
4.59,2
4.65,2
4.94,3
4.58,4
4.02,3
4.02,2
4.95,2
4.62,4
4.6,3
4.55,4
4.99,2
4.11,4
4.53,2
4.34,2
4.92,3
4.24,2
4.3,4
4.81,2
4.17,2
4.67,2
4.68,2
4.65,4
4.84,4
4.92,2
4.44,2
4.51,3
4.68,2
4.99,4
4.69,2
4.87,4
4.64,4
4.84,2
4.46,4
4.92,2
4.07,2
4.07,2
4.72,2
4.93,4
4.79,2
4.72,4
4.62,2
4.86,4
4.9,4
4.74,2
4.64,4
4.49,2
4.35,4
4.14,2
4.35,2
4.06,3
4.09,4
4.89,2
4.27,2
4.83,3
4.5,2
4.89,2
4.88,2
4.48,2
4.42,2
4.49,3
4.75,2
4.26,2
4.97,2
4.52,2
4.41,3
4.05,4
4.02,2
4.79,2
4.76,3
4.42,4
4.5,2
4.68,2
4.15,2
4.54,2
4.77,3
4.54,4
4.91,2
4.31,2
4.37,4
4.17,2
4.09,2
4.25,2
4.04,3
4.05,4
4.35,2
4.02,3
4.44,4
4.52,4
4.44,3
4.83,2
4.23,4
4.28,2
4.56,2
4.42,4
4.35,2
4.73,2
4.85,3
4.52,4
4.87,3
4.46,2
4.71,4
4.39,4
4.83,4
4.49,2
4.11,4
4.42,3
4.38,4
4.95,4
4.26,2
4.14,2
4.23,4
4.85,4
4.8,2
4.76,2
4.77,2
4.18,4
4.53,4
4.85,4
4.69,2
4.25,2
4.08,4
4.19,4
4.67,3
4.93,2
4.4,4
4.81,3
4.63,2
4.41,4
4.66,2
4.54,4
4.76,2
4.43,4
4.48,2
4.43,3
4.5,4
4.53,3
4.54,3
4.69,3
4.37,2
4.84,3
4.39,4
4.14,2
4.83,3
4.64,4
4.27,4
4.33,2
4.62,4
4.23,3
4.86,2
4.87,2
4.12,3
4.13,4
4.51,3
4.87,2
4.73,4
4.08,4
4.98,2
4.69,4
4.23,2
4.9,3
4.39,3
4.8,2
4.1,2
4.85,4
4.65,3
4.79,2
4.99,3
4.53,4
4.91,4
4.13,4
4.42,2
4.29,3
4.13,2
4.86,4
4.51,2
4.43,3
4.19,2
4.8,2
4.89,3
4.41,4
4.32,3
4.59,3
4.27,2
4.9,2
4.58,3
4.23,2
4.17,2
4.25,2
4.93,2
4.81,2
4.9,2
4.62,2
4.82,4
4.33,2
4.9,3
4.12,2
4.98,4
4.57,4
4.38,3
4.83,2
4.67,2
4.58,2
4.75,2
4.6,3
4.08,2
4.96,2
4.02,3
4.37,4
4.83,2
4.19,2
4.25,2
4.72,3
4.4,2
4.8,4
4.35,2
4.35,2
4.05,2
4.29,2
4.08,3
4.06,2
4.49,4
4.29,2
4.92,2
4.94,2
4.67,2
4.68,4
4.48,2
4.55,3
4.21,3
4.17,3
4.6,4
4.79,2
4.1,2
4.68,3
4.79,2
4.51,2
4.39,4
4.27,2
4.74,2
4.87,4
4.89,2
4.96,4
4.6,4
4.8,2
4.09,3
4.2,3
4.58,2
4.87,2
4.48,2
4.57,2
4.76,2
4.51,2
4.53,2
4.71,3
4.44,2
4.39,2
4.63,3
4.4,2
4.32,2
4.37,2
4.1,2
4.03,3
4.8,2
4.57,2
4.33,2
4.88,2
4.2,2
4.72,2
4.94,2
4.02,2
4.23,2
4.91,2
4.63,2
4.62,2
4.06,3
4.97,2
4,2
4.18,2
4.73,2
4.35,2
4.44,3
4.22,4
4.75,4
4.69,2
4.76,2
4.58,2
4.08,4
4.02,4
4.62,4
4.63,4
4.24,2
4.82,2
4.73,2
4.52,3
4.08,2
4.07,2
4.75,4
4.64,2
4.03,4
4.64,2
4.63,2
4.39,2
4.91,2
4.54,4
4.26,2
4.47,3
4.27,2
4.53,4
4.81,2
4.92,4
4.95,3
4.25,3
4.98,3
4.4,2
4.22,2
4.59,2
4.18,4
4.92,2
4.83,3
4.08,2
4.32,2
4.08,4
4.81,4
4.66,3
4.01,3
4.2,3
4.4,2
4.13,2
4.5,2
4.94,4
4.19,2
4.4,4
4.03,4
4.24,4
4.09,2
4.68,3
4.58,3
4.66,3
4.85,3
4.38,2
4.88,2
4.73,4
4.81,4
4.93,3
4.3,3
4.84,4
4.53,2
4.27,4
4.88,2
4.21,2
4.13,4
4.92,2
4.87,2
4.19,2
4.94,3
4.84,2
4.51,3
4.27,4
4.75,4
4.03,2
4.31,3
4.99,4
4.19,4
4.09,3
4.2,4
4.15,2
4.23,2
4.15,3
4.86,4
4.52,2
4.26,3
4.74,4
4.23,3
4.59,4
4.59,2
4.28,4
4.7,3
4.74,4
4.06,2
4.22,3
4.93,2
4.45,2
4.3,2
4.16,2
4.96,2
4.55,2
4.86,2
4.44,4
4.48,4
4.24,4
4.6,2
4.22,3
4.61,2
4.25,4
4.08,2
4.24,3
4.8,2
4.68,2
4.37,2
4.96,4
4.98,4
4.06,2
4.76,2
4.33,2
4.65,2
4.04,2
4.87,2
4.53,3
4.8,2
4.86,3
4.32,2
4.98,2
4.68,3
4.64,2
4.09,4
4.07,2
4.99,2
4.57,3
4.21,2
4.83,2
4.12,2
4.9,2
4.59,2
4.25,2
4.8,4
4.65,2
4.65,2
4.61,3
4.47,3
4.9,2
4.94,2
4.83,2
4.8,2
4.82,3
4.73,2
4.57,2
4.16,3
4.2,2
4.3,3
4.35,3
4.94,3
4.92,3
4.28,3
4.02,2
4.17,3
4.35,4
4.58,2
4.27,4
4.68,4
4.39,2
4.45,4
4.17,2
4.16,3
4.54,2
4.41,4
4.02,2
4.85,2
4.04,2
4.94,3
4.18,2
4.38,4
4.13,2
4.73,3
4.98,3
4.8,2
4.86,3
4.15,2
4.23,2
4.64,2
4.12,4
4.68,2
4.24,2
4.92,2
4.12,4
4.94,4
4.87,4
4.95,2
4.66,2
4.3,2
4.58,2
4.77,2
4.1,2
4.55,2
4.01,2
4.62,2
4.38,3
4.03,3
4.23,2
4.14,4
4,3
4.88,3
4.37,4
4.14,2
4.99,2
4.1,2
4.16,2
4.97,2
4.12,2
4.4,2
4.19,4
4.77,4
4.37,2
4.27,3
4.06,2
4.93,3
4.12,2
4.19,2
4.5,2
4.94,3
4.28,3
4.61,2
4.25,2
4.01,2
4.09,3
4.82,2
4.34,3
4.87,3
4.3,4
4.14,3
4.12,3
4.46,2
4.76,3
4.32,4
4.6,2
4.85,4
4.64,3
4.52,2
4.91,4
4.93,2
4.9,2
4.3,4
4.53,4
4.17,2
4.87,3
4.32,2
4.9,2
4.75,3
4.06,3
4.87,2
4.94,2
4.77,2
4.95,2
4.28,4
4.28,2
4.5,2
4.81,4
4.12,2
4.66,3
4.92,2
4.78,2
4.75,4
4.43,2
4.42,2
4.45,3
4.21,4
4.98,2
4.49,2
4.28,2
4.3,2
4.16,2
4.34,3
4.73,2
4.34,3
4.84,2
4.85,2
4.96,2
4.89,4
4.19,4
4.18,4
4.93,3
4.14,4
4.14,4
4.18,4
4.07,2
4.38,4
4.16,2
4.11,4
4.61,4
4.22,3
4.52,2
4.91,3
4.08,2
4.24,3
4.62,2
4.95,2
4.63,3
4.05,3
4.35,2
4.51,2
4.98,4
4.58,3
4.92,3
4.5,2
4.36,2
4.25,3
4.77,2
4.83,2
4.7,3
4.91,2
4.04,3
4.76,3
4.25,3
4.05,4
4.13,2
4.79,3
4.6,4
4.41,2
4.73,3
4.3,2
4.96,2
4.5,2
4.15,3
4.98,2
4.73,2
4.43,2
4.33,3
4.18,2
4.94,2
4.63,3
4.51,2
4.68,3
4.64,2
4.54,2
4.37,2
4.26,2
4.09,2
4.74,2
4.85,2
4.1,2
4.52,3
4.49,4
4.82,4
4.69,2
4.84,4
4.36,2
4.37,2
4.04,2
4.19,2
4.66,3
4.33,2
4.08,2
4.88,2
4.77,3
4.4,3
4.26,2
4.25,2
4.07,2
4.11,4
4.46,2
4.17,3
4.99,2
4.73,2
4.2,2
4.28,2
4.97,3
4.15,4
4.13,4
4.29,4
4.55,2
4.58,3
4.75,2
4.99,3
4.44,4
4.01,4
4.07,2
4.99,4
4.67,3
4.39,4
4.46,2
4.6,2
4.81,2
4.26,3
4.32,2
4.56,2
4.5,2
4.96,4
4.17,2
4.03,2
4.52,2
4.4,2
5.11,2
5.57,4
5.94,3
5.85,3
5.97,2
5.55,3
5.33,2
5.28,2
5.28,2
5.07,2
5.66,2
5.16,3
5.43,2
5.71,2
5.12,2
5.15,2
5.06,3
5.9,4
5.48,4
5.68,3
5.41,3
5.73,4
5.34,2
5.67,2
5.4,2
5.47,3
5.56,4
5.28,2
5.36,2
5.69,2
5.11,2
5.75,2
5.27,3
5.12,2
5.51,4
5.58,4
5.69,2
5.74,2
5.76,2
5.62,2
5.01,3
5.2,3
5.85,3
5.15,2
5.41,4
5.76,2
5.53,2
5.24,2
5.03,4
5.01,3
5.16,2
5.05,2
5.37,3
5.28,2
5.54,3
5.72,3
5.02,2
5.36,4
5.39,2
5.36,2
5.65,2
5.31,4
5.37,2
5.14,4
5.24,3
5.42,2
5.8,4
5.99,2
5.43,2
5.09,3
5.81,3
5.47,4
5.67,2
5.23,2
5.44,2
5.38,2
5.55,4
5.17,2
5.97,4
5.3,2
5.85,4
5.22,2
5.08,2
5.01,4
5.69,3
5.25,4
5.76,4
5.51,3
5.98,2
5.29,2
5.08,2
5.14,2
5.54,2
5.61,2
5.23,2
5.35,2
5.45,2
5.58,4
5.68,4
5.07,2
5.68,2
5.1,2
5.49,4
5.35,2
5.75,2
5.88,3
5.5,2
5.67,3
5.1,4
5.14,2
5.12,2
5.97,3
5.72,4
5.17,2
5.41,2
5.25,2
5.2,2
5.01,2
5.23,3
5.23,2
5.42,2
5.01,2
5.96,2
5.88,4
5.08,4
5.5,2
5.75,4
5.41,3
5.01,4
5.63,3
5.05,4
5.74,2
5.33,4
5.73,2
5.41,3
5.58,2
5.55,3
5.8,2
5.64,3
5.08,4
5.52,2
5.5,4
5.64,3
5.89,4
5.63,3
5.08,2
5.46,2
5.94,3
5.28,2
5.79,4
5.26,3
5.43,4
5.12,3
5.98,2
5.2,4
5.68,4
5.57,3
5.01,4
5.69,4
5.33,4
5.46,4
5.89,2
5.56,4
5.93,2
5.55,4
5.29,4
5.21,3
5.48,3
5.43,2
5.13,3
5.21,2
5.58,2
5.09,3
5.78,2
5.22,2
5.81,3
5.17,4
5.33,4
5.47,2
5.87,3
5.98,2
5.8,2
5.77,3
5.23,2
5.9,2
5.94,2
5.23,3
5.74,3
5.23,2
5.45,3
5.74,4
5.47,2
5.74,2
5.69,2
5.57,2
5.91,2
5.09,3
5.7,2
5.32,2
5.63,2
5.36,2
5.2,3
5.88,4
5.48,3
5.69,4
5.4,4
5.88,2
5.07,2
5.64,2
5.18,2
5.72,3
5.94,3
5.36,2
5.55,2
5.23,3
5.84,2
5.31,2
5.82,3
5.42,2
5.9,3
5.09,3
5.78,2
5.92,3
5.03,2
5.34,4
5.28,3
5.37,2
5.88,2
5.74,4
5.96,2
5.01,3
5.53,2
5.67,2
5.55,2
5.43,2
5.06,4
5.84,3
5.3,2
5.56,3
5.18,3
5.37,4
5.91,3
5.88,2
5.83,2
5.13,2
5.44,2
5.76,4
5.27,3
5.46,2
5.82,4
5.95,3
5.34,3
5.22,4
5.31,2
5.29,4
5.86,4
5.81,2
5.03,4
5.66,4
5.73,4
5.08,2
5.82,2
5.59,3
5.45,2
5.04,4
5.16,4
5.73,2
5.46,2
6,3
5.62,2
5.93,4
5.83,2
5.29,3
5.08,2
5.61,3
5.94,2
5.47,2
5.58,4
5.48,3
5.3,3
5.19,4
5.82,2
5.97,2
5.67,2
5.13,4
5.56,4
5.88,2
5.49,4
5.42,2
5.84,3
5.27,2
5.2,3
5.44,4
5.77,4
5.94,4
5.48,2
5.81,3
5.95,4
5.08,3
5.77,2
5.11,3
5.79,2
5.44,3
5.97,4
5.77,4
5.11,2
5.38,4
5.62,3
5.19,4
5.89,2
5.2,2
5.71,4
5.46,2
5.96,4
5.04,2
5.11,2
5.4,4
5.41,3
5.89,2
5.43,2
5.16,2
5.83,3
5.11,4
5.1,3
5.17,3
5.26,2
5.24,2
5.96,2
5.48,2
5.5,3
5.72,3
5.47,4
5.41,2
5.76,2
5.64,2
5.29,3
5.68,3
5.05,4
5.62,3
5.6,3
5.05,3
5.44,4
5.24,4
5.77,3
5,2
5.53,2
5.77,3
5.03,2
5.67,2
5.52,2
5.11,4
5.7,2
5.89,2
5.27,4
5.41,4
5.97,3
5.09,2
5.13,2
5.98,3
5.03,4
5.48,2
5.08,2
5.58,4
5.05,4
5.49,3
5.56,2
5.73,4
5.85,2
5.75,3
5.68,3
5.98,2
5.65,2
5.37,2
5.05,4
5.58,4
5.95,4
5.19,3
5.08,3
5.7,2
5.74,2
5.79,2
5.99,4
5.62,2
5.62,3
5.83,2
5.76,2
5.19,4
5.85,2
5.27,3
5.37,2
5.22,4
5.48,3
5.17,2
5.87,4
5.37,3
5.86,2
5.53,3
5.05,3
5.41,2
5,2
5.13,2
5.79,2
6,2
5.6,2
5.93,2
5.09,4
5.23,3
5.91,2
5.18,2
5.8,3
5.51,2
5.44,3
5.21,4
5.19,4
5.74,3
5.86,4
5.26,3
5.68,2
5.95,2
5.36,4
5.96,4
5.02,2
5.09,4
5.9,3
5.12,3
5.46,2
5.82,2
5.27,4
5.94,2
5.94,3
5.9,3
5.55,2
5.22,3
5.74,2
5.92,3
5.46,4
5.05,3
5.6,4
5.86,2
5.72,2
5.35,2
5.11,4
5.38,2
5.52,3
5.69,3
5.01,2
5.18,2
5.73,2
5.47,2
5.81,2
5.68,2
5.05,2
5.87,2
5.43,3
5.52,2
5.97,3
5.62,2
5.6,3
5.25,3
5.07,2
5.07,4
5.12,2
5.3,3
5.17,2
5.74,3
5.26,4
5.77,2
5.93,2
5.93,3
5.6,4
5.68,2
5.35,2
5.86,3
5.56,4
5.67,2
5.06,4
5.22,3
5.17,2
5.54,4
5.7,3
5.97,4
5.35,2
5.07,4
5.92,2
5.64,3
5.7,4
5.26,2
5.11,2
5.47,2
5.15,3
5.29,4
5.07,4
5.32,2
5.08,2
5.09,2
5.1,2
5.09,4
5.52,2
5.76,4
5.06,2
5.32,4
5.71,4
5.54,2
5.39,3
5.62,3
5.93,2
5.84,3
5.58,4
5.18,2
5.93,3
5.94,2
5.22,3
5.92,2
5.02,2
5.96,4
5.3,2
5.55,2
5.43,3
5.12,2
5.31,3
5.96,2
5.4,2
5.98,4
5.01,2
5.42,3
5.8,2
5.01,2
5.01,3
5.89,3
5.43,3
5.79,3
5.18,2
5.32,3
5.95,4
5.34,3
6,2
5.39,2
5.62,3
5.56,2
5.06,4
5.76,2
5.96,2
5.96,2
5.74,4
5.87,3
5.55,4
5.06,2
5.85,4
5.56,4
5.6,4
5.5,3
5.25,2
5.17,2
5.5,2
5.01,4
5.66,2
5.94,2
5.69,2
5.08,2
5.18,4
5.84,4
5.18,4
5.38,2
5.15,4
5.53,2
5.86,3
5.64,2
5.2,4
5.18,2
5.22,2
5.17,4
5.19,4
5.65,2
5.49,3
5.9,2
5.99,2
5.69,4
5.31,3
5.96,2
5.97,2
5.51,4
5.87,2
5.09,2
5.62,4
5.46,2
5.23,3
5.27,2
5.26,2
5.15,3
5.9,2
5.94,3
5.95,2
5.78,2
5.08,2
5.73,4
5.76,2
5.39,2
5.82,2
5.53,2
5.28,2
5.9,3
5.43,4
5.32,2
5.88,2
5.94,2
5.72,2
5.13,2
5.56,2
5.76,4
5.28,4
5.29,2
5.29,2
5.59,2
5.98,3
5.91,2
5.78,2
5.26,2
5.97,4
5.63,2
5.1,4
5.03,2
5.84,3
5.39,3
5.35,3
5.04,2
5.57,2
5.05,3
5.46,3
5.8,2
5.63,2
5.79,3
5.58,2
5.24,3
5.16,2
5.85,2
5.03,3
5.33,2
5.47,4
5.83,4
5.64,3
5.49,4
5.21,3
5.25,3
5.54,2
5.11,4
5.52,3
5.57,2
5.53,2
5.04,2
5.99,2
5.97,2
5.42,2
5.58,2
5.97,3
5.21,4
5,2
5.98,2
5.56,2
5.18,2
5.28,3
5.97,2
5.36,2
5.2,4
5.44,2
5.82,2
5.88,3
5.98,4
5.52,3
5.49,2
5.07,3
5.92,2
5.11,3
5.95,2
5.06,2
5.27,2
5.59,2
5.48,2
5.82,3
5.71,2
5.3,2
5.66,2
5.9,4
5.46,2
5.56,3
5.35,4
5.77,2
5.24,4
5.34,2
5.87,2
5.99,2
5.41,3
5.02,4
5.56,2
5.45,4
5.23,3
5.44,3
5.57,4
5.27,2
5.72,4
5.48,2
5.82,2
5.51,2
5.21,3
5.78,4
5.83,2
5.69,2
5.04,4
5.8,4
5.42,2
5.22,3
5.83,4
5.42,4
5.82,3
5.39,2
5.08,3
5.33,2
5.27,3
5.08,2
5.67,3
5.96,2
5.92,2
5.61,2
5.6,2
5.74,2
5.98,4
6,3
5.88,3
5.85,2
5.39,4
5.06,3
5.5,3
5.81,2
5.29,4
5.85,2
5.93,2
5.97,3
5.72,2
5.76,3
5.68,4
5.59,3
5.48,3
5.52,4
5.24,2
5.82,2
5.82,2
5.27,3
5.44,4
5.63,2
5.67,2
5.61,2
5.64,4
5.34,2
5.66,4
5.03,2
5.52,2
5.4,2
5.08,3
5.4,2
5.84,2
5.41,3
5.02,2
5.17,4
5.09,2
5.91,3
5.65,4
5.85,2
5.31,4
5.28,2
5.48,2
5.92,3
5.24,2
5.23,2
5.73,2
5.66,3
5.3,3
5.77,3
5.63,2
5.66,3
5.77,2
5.38,3
5.59,3
5.66,2
5.99,4
5.72,3
5.47,4
5.08,2
5.42,4
5.86,4
5.93,4
5.17,2
5.81,4
5.24,2
5.22,2
5.07,4
5.77,2
5.72,4
5.86,3
5.91,2
5.59,4
5.65,3
5.96,4
5.28,4
5.4,3
5.93,2
5.8,2
5.72,2
6,4
5.07,2
5.11,4
5.51,2
5.24,4
5.6,3
5.31,3
5.22,2
5.39,2
5.29,2
5.44,2
5.29,2
5.91,3
5.03,4
5.01,2
6,2
5.19,4
5.14,3
5.09,4
5.37,4
5.7,3
5.94,4
5.76,2
5.16,2
5.19,4
5.6,2
5.01,2
5.04,2
5.46,2
5.19,2
5.07,3
5.12,2
5.6,2
5.36,4
5.57,4
5.36,2
5.46,3
5.82,4
5.2,2
5.19,4
5.62,4
5.57,3
5.44,2
5.77,3
5.04,2
5.35,3
5.48,2
5.14,2
5.89,3
5.01,2
5.8,3
5.76,2
5.64,2
5.59,2
5.97,2
5.9,4
5.13,2
5.84,4
5.6,3
5.45,3
5.55,2
5.3,4
5.18,2
5.09,2
5.71,2
5.75,4
5.48,2
5.28,2
5.26,4
5.71,2
5.69,2
5.94,3
5.13,3
5.13,4
5.44,2
5.2,4
5.61,3
5.48,2
5.88,4
5.97,3
5.54,4
5.61,2
5.41,2
5.04,4
5.79,4
5.72,2
5.09,2
5.25,3
5.76,2
5.01,4
5.35,4
5.97,3
5.07,4
5.26,2
5.76,4
5.33,2
5.53,2
5.63,3
5.54,2
5.17,2
5.78,3
5.97,4
5.63,2
5.05,3
5.87,4
5.45,4
5.11,4
5.18,2
5.84,3
5.21,2
5.94,3
5.8,2
5.76,3
5.51,4
5.06,2
5.56,3
5,2
5.46,3
5.1,4
5.04,4
5.64,2
5.73,3
5.19,2
5.72,2
5.48,2
5.74,2
5.41,2
5.07,2
5.33,2
5.83,3
5.91,3
5.22,2
5.67,2
5.46,3
5.83,3
5.38,2
5.35,2
5.12,4
5.64,2
5.78,2
5.14,3
5.71,4
5.69,3
5.02,3
5.9,2
5.36,4
5.31,4
5.79,2
5.14,2
5.24,2
5.05,2
5.94,4
5.8,2
5.91,2
5.32,2
5.15,2
5.2,4
5.5,3
5.94,4
5.19,2
5.19,4
5.92,2
5.74,2
5.66,3
5.68,2
5.57,4
5.81,2
5.28,4
5.93,3
5.24,4
5.79,4
5.31,2
5.26,4
5.96,2
5.84,2
5.38,4
5.81,2
5.31,2
5.85,4
5.22,2
5.77,3
5.33,4
5.98,2
5.9,4
5.09,2
5.26,2
5.43,2
5.98,2
5.87,2
5.89,4
5.87,4
5.71,3
5.05,4
5.83,3
5.94,3
5.76,2
5.42,2
5.88,2
5.91,2
5.2,3
5.43,4
5.09,2
5.28,3
5.44,2
5.59,2
5.4,3
5.38,4
5.63,2
5.05,3
5.81,2
5.33,2
5.46,2
5.05,4
5.59,3
5.09,2
5.76,2
5.97,3
5.1,2
5.13,2
5.36,2
5.8,4
5.73,4
5.11,4
5.54,3
5.92,2
5.74,3
5.22,4
5.06,3
5.39,2
5.03,2
5.55,2
5.36,2
5.89,3
5.04,3
5.31,3
5.43,2
5.79,2
5.97,2
5.44,3
5.31,4
5.22,2
5.5,4
5.54,2
5.62,3
5.91,2
5.45,2
5.17,3
5.19,3
5.37,4
5.41,3
5.69,3
5.34,2
5.69,2
5.32,2
5.03,3
5.39,4
5.39,3
5.11,4
5.28,3
5.9,2
5.29,4
5.84,4
5.79,2
5.88,2
5.68,2
5.73,2
5.42,4
5.74,2
5.62,4
5.2,3
5.39,4
5.86,3
5.58,4
5.53,2
5.76,4
5.91,4
5.44,2
5.23,3
5.25,4
5.79,4
5.9,3
5.08,4
5.94,3
5.49,2
5.64,2
5.82,3
5.63,4
5.01,2
5.38,3
5.09,3
5.41,2
5.09,2
5.52,3
5.71,2
5.12,2
5.99,2
5.79,2
5.47,3
5.58,3
5.83,2
5.03,3
5.73,2
5.23,3
5.94,2
5.97,2
5.95,2
5.48,2
5.54,3
5.53,3
5.59,3
5.54,3
5.54,3
5.31,2
5.5,3
5.54,2
5.9,4
5.31,2
5.78,3
5.04,2
5.64,2
5.17,3
5.11,3
5.23,3
5.98,2
5.95,2
5.27,3
5.54,4
5.54,3
5.37,2
5.89,3
5.48,4
5.2,3
5.52,3
5.99,3
5.18,3
5.06,3
5.9,3
5.51,2
5.18,3
5.78,2
5.83,3
5.31,4
5.62,4
6.97,2
6.64,3
6.83,2
6.47,2
6.13,4
6.27,3
6.49,4
6.71,2
6.97,4
6.66,3
7,3
6.66,2
6.3,3
7,2
6.66,2
6.6,2
6.6,2
6.61,2
6.34,2
6.57,4
6.41,2
6.1,2
6.5,4
6.95,2
6.28,4
6.37,3
6.23,2
6.09,3
6.93,2
6.98,2
6.07,4
6.77,3
6.85,2
6.55,3
6.51,2
6.55,4
6.17,4
6.97,2
6.35,4
6.19,2
6.73,2
6.25,3
6.53,2
6.71,4
6.61,2
6.1,3
6.96,2
6.94,2
6.08,2
6.48,4
6.04,2
6.65,3
6.41,2
6.55,2
6.76,4
6.89,2
6.76,2
6.88,3
6.16,2
6.44,4
6.14,2
6.71,3
6.72,2
6.65,2
6.76,4
6.87,2
6.67,2
6.69,4
6.52,2
6.89,3
6.4,2
6.34,4
6.29,3
6.38,3
6.42,3
6.25,2
6.44,2
6.25,4
6.95,2
6.11,4
6.85,3
6.69,2
6.77,4
6.59,2
6.72,2
6.29,2
6.75,4
6.89,4
6.9,2
6.22,3
6.07,4
6.8,2
6.37,4
6.04,2
6.7,2
6.6,2
6.93,3
6.08,2
6.81,4
6.13,3
6.28,4
7,3
6.01,2
6.66,4
6.09,2
6.93,3
6.89,2
6.5,4
6.63,4
6.07,2
6.05,2
6.57,2
6.66,4
6.3,2
6.12,2
6.49,2
6.34,2
6.34,4
6.41,2
6.08,3
6.04,2
6.41,3
6.88,4
6.66,2
6.49,3
6.42,4
6.43,4
6.85,2
6.04,2
6.38,2
6.63,4
6.17,3
6.53,2
6.57,3
6.64,4
6.96,3
6.56,3
6.06,2
6.6,4
6.19,2
6.57,2
6.86,2
6.16,2
6.54,4
6.06,2
6.04,2
6.94,2
6.52,3
6.16,3
6.2,4
6.68,2
6.33,2
6.45,4
6.54,2
6.12,3
6.29,2
6.41,2
6.91,3
6.77,2
6.06,2
6.07,3
6.26,3
6.28,2
6.78,3
6.26,4
6.07,2
6.68,2
6.81,2
6.08,4
6.35,2
6.08,3
6.73,3
6.22,3
6.08,2
6.59,2
6.87,4
6.5,2
6.11,4
6.85,2
6.67,2
6.08,2
6.84,2
6.38,4
6.78,4
6.44,4
6.03,2
6.44,2
6.08,2
6.23,3
6.73,2
6.04,2
6.34,3
6.47,3
6.33,2
6.99,2
6.46,4
6.58,3
6.26,3
6.47,3
6.08,2
6.25,2
6.18,4
6.3,3
6.6,2
6.38,2
6.94,3
6.23,3
6.28,3
6.58,4
6.07,2
6.84,2
6.7,3
6.3,2
6.89,2
6.49,3
6.53,2
6.72,3
6.12,3
6.38,3
6.03,2
6.58,2
6.09,2
6.28,3
6.61,2
6.62,3
6.4,2
6.78,4
6.3,2
6.18,4
6.54,4
6.72,4
6.89,2
6.29,4
6.37,4
6.59,2
6.02,3
6.2,3
6.41,2
6.91,2
6.76,2
6.58,2
6.06,3
6.27,3
6.38,2
6.89,2
6.17,2
6.58,3
6.72,4
6.01,2
6.7,4
6.31,3
6.55,2
6.28,4
6.24,2
6.78,4
6.12,2
6.45,3
6.83,2
6.6,2
6.37,3
6,4
6.57,2
6.05,3
6.68,4
6.87,2
6.1,2
6.7,2
6.86,2
6.9,2
6.32,3
6.07,4
6.28,2
6.32,3
6.28,2
6.99,2
6.96,3
6.65,4
6.41,3
6.54,3
6.71,4
6.87,4
6.27,3
6.73,2
6.49,2
6.24,4
6.72,2
6.85,2
6.31,2
6.37,4
6.07,2
6.59,3
6.27,3
6.18,2
6.15,4
6.85,4
6.63,2
6.99,4
6.02,4
6.23,2
6.77,4
6.83,3
6.83,2
6.66,4
6.75,4
6.1,3
6.65,2
6.82,2
6.86,3
6.13,3
6.25,3
6.52,3
6.64,3
6.83,3
6.21,3
6.71,3
6.42,2
6.55,2
6.97,2
6.87,2
6.81,3
6.43,2
6.52,4
6.65,2
6.99,2
6.27,2
6.29,4
6.33,4
6.24,2
6.28,4
6.64,4
6.19,2
6.63,3
6.71,2
6.08,3
6.29,2
6.14,4
6.08,2
6.81,3
6.2,2
6.67,4
6.98,2
6.43,2
6.15,2
6.11,4
6.73,2
6.35,3
6.69,3
6.18,2
6.91,2
6.06,2
6.52,2
6.82,4
6.77,2
6.58,4
6.25,2
6.02,2
6.66,4
6.62,4
6.9,2
6.26,4
6.43,2
6.01,3
6.9,2
6.15,2
6.1,2
6.12,2
6.61,3
6.99,2
6.77,2
6.29,2
6.13,2
6.37,3
6.52,2
6.32,2
6,3
6.25,2
6.31,4
6.68,3
6.41,2
6.61,3
6.24,4
6.81,2
6.35,3
6.65,3
6.22,4
6.03,3
6.47,4
6.68,2
6.3,4
6.94,4
6.75,4
6.75,3
6.95,3
6.58,4
6.11,3
6.85,2
6.24,2
6.08,3
6.98,2
6.07,2
6.82,2
6.97,4
6.36,2
6.76,3
6.54,2
6.67,2
6.31,3
6.96,2
6.07,3
6.36,2
6.21,2
6.65,2
6.55,2
6.03,2
6.51,2
6.5,2
6.27,4
6.54,2
6.32,3
6.72,4
6.63,2
6.14,2
6.65,3
6.53,4
6.12,3
6.32,2
6.36,2
6.15,3
6.97,2
6.61,2
6.38,2
6.32,3
6.09,2
6.8,3
6.79,2
6.25,2
6.42,3
6.51,4
6.94,4
6.36,3
6.39,3
6.07,2
6.47,4
6.59,2
6.11,4
6.09,2
6.83,3
6.57,4
6.21,2
6.56,4
6.3,3
6.16,2
6.76,4
6.27,4
6.07,2
6.75,4
6.24,4
6.19,3
6.59,4
6.81,3
6.06,4
6.51,3
6.54,2
6.01,2
6.91,4
6.74,2
6.2,4
6.74,2
6.4,3
6.5,2
6.56,2
6.59,2
6.86,4
6.41,3
6.42,4
6.59,3
6.79,2
6.74,2
6.03,2
6.35,2
6.56,2
6.37,2
6.17,2
6.38,2
6.95,4
6.92,3
6.52,2
6.79,4
6.1,3
6.68,2
6.02,2
6.6,2
6.68,4
6.7,4
6.31,2
6.23,2
6.65,2
6.96,4
6.13,3
6.94,2
6.17,2
6.32,3
6.15,2
6.8,2
6.9,2
6.76,3
6.06,2
6.46,4
6.76,3
6.11,3
6.28,3
6.21,4
6.71,3
6.41,4
6.05,2
6.48,3
6.28,4
6.82,2
6.13,2
6.38,4
6.71,3
6.78,2
6.27,3
6.18,3
6.17,4
6.37,3
6.39,2
6.56,2
6.46,2
6.32,2
6.1,2
6.74,3
6.69,2
6.46,3
6.68,3
6.4,2
6.59,4
6.25,4
6.47,2
6.75,2
6.28,3
6.04,3
6.01,2
6.14,3
6.86,3
6.86,2
6.72,2
6.88,2
6.63,4
6.7,2
6.47,2
6.97,2
6.26,2
6.09,3
6.73,2
6.25,2
6.03,3
6.4,2
6.14,2
6.98,4
6.38,2
6.04,3
6.03,4
6.02,3
6.28,4
6.18,2
6.1,2
6.54,2
6.8,2
6.06,4
6.23,4
6.96,2
6.93,4
6.64,3
6.83,3
6.93,2
6.18,3
6.49,4
6.14,2
6.12,4
6.82,4
6.42,2
6.64,4
6.37,4
6.36,3
6.22,3
6.15,3
6,2
6.24,2
6.06,4
6.81,4
6.1,2
6.56,3
6.67,2
6.88,2
6.55,3
6.91,2
6.77,2
6.54,4
6.91,3
6.51,3
6.87,2
6.24,2
6.09,4
6.91,4
6.04,2
6.94,2
6.36,4
6.22,2
6.68,3
6.29,3
6.02,2
6.12,2
6.3,2
6.65,2
6.62,3
6.55,2
6.42,3
6.54,2
6.73,2
6.67,2
6.89,3
6.87,3
6.56,4
6.86,2
6.32,2
6.65,2
6.25,2
6.79,4
6.99,2
6.74,2
6.69,2
6.46,3
6.72,2
6.67,4
6.48,3
6.75,4
6.49,2
6.52,2
6.87,3
6.57,4
6.85,3
6.22,3
6.97,2
6.88,3
6.76,2
6.96,4
6.12,3
6.95,3
6.47,4
6.29,4
6.77,3
6.93,3
6.9,2
6.71,2
6.77,2
6.59,2
6.05,3
6.51,3
6.64,2
6.19,4
6.87,4
6.83,2
6.81,2
6.96,2
6.95,4
6.19,2
6.74,2
6.14,3
6.62,2
6.62,2
6.29,2
6.79,4
6.92,2
6.33,4
6.55,2
6.56,2
6.16,2
6.31,2
6.98,2
6.33,2
6.86,2
6.5,4
6.62,4
6.34,4
6.98,2
6.5,2
6.78,4
6.58,3
6.64,2
6.26,2
6.58,2
6.51,4
6.63,2
6.23,3
6.5,4
6.99,2
6.51,2
6.51,2
6.13,4
6.07,4
6.03,3
6.1,3
6.96,3
6.55,2
6.24,2
6.98,2
6.37,4
6.83,4
6.9,2
6.86,3
6.69,2
6.25,4
6.12,2
6.65,2
6.41,4
6.18,3
6.61,4
6.37,4
6.53,2
6.46,2
6.5,2
6.99,2
6.2,4
6.59,2
6.96,3
6.89,2
6.97,2
6.6,4
6.45,3
6.09,2
6.04,2
6.25,3
6.01,2
6.94,3
6.02,2
6.07,4
6.6,2
6.23,2
6.16,2
6.09,2
6.83,4
6.47,2
6.95,2
6.61,3
6.51,3
6.44,2
6.49,2
6.21,2
6.72,4
6.81,4
6.25,4
6.22,2
6.91,2
6.01,3
6.17,2
6.3,2
6.5,2
6.74,4
6.45,2
6.45,4
6.7,2
6.12,2
6.76,2
6.69,4
6.7,2
6.79,3
6.97,2
6.8,3
6.61,4
6.93,4
6.15,2
6.14,2
6.8,4
6.34,2
6.85,4
6.34,3
6.9,3
6.88,4
6.38,2
6.44,2
6.91,2
6.29,4
6.16,4
6.96,4
6.44,2
6.06,2
6.14,4
6.35,2
6.54,2
6.43,3
6.46,4
6.72,3
6.09,3
6.82,2
6.57,4
6.63,2
6.27,2
6.69,3
6.49,2
7.3,3
7.49,3
7.88,3
7.97,3
7.25,3
7.78,3
7.45,3
7.66,3
7.87,4
7.09,4
7.64,4
7.59,3
7.27,3
7.3,3
7.41,4
7.72,3
7.69,3
7.25,4
7.9,3
7.56,3
7.01,4
7.24,3
7.72,4
7.61,3
7.1,3
7.98,3
7.07,3
7.08,3
7.03,3
7.15,3
7.37,3
7.35,4
7.8,3
7.14,3
7.58,3
7.63,3
7.67,4
7.67,4
7.2,3
7.32,4
7.63,3
7.98,3
7.52,3
7.28,3
7.32,3
7,3
7.37,3
7.74,3
7.07,4
7.43,3
7.57,4
7.71,3
7.59,4
7.92,3
7.64,3
7.15,3
7.44,3
7.78,3
7.72,3
7.5,3
7.89,3
7.17,3
7.87,4
7.41,3
7.89,4
7.86,3
7.32,3
7.23,4
7.32,4
7.48,3
7.7,3
7.78,4
7.6,4
7,3
7.6,3
7.09,3
7.64,3
7.62,3
7.41,3
7.22,3
7.69,3
7.35,3
7.71,3
7.36,4
7.88,3
7.1,3
7.25,3
7.02,3
7.96,4
7.17,3
7.78,3
7.9,3
7.69,4
7.45,4
7.92,3
7.33,3
7.3,3
7.37,3
7.65,3
7.32,4
7.65,3
7.25,3
7.79,4
7.21,4
7.43,3
7.4,3
7.3,3
7.67,4
7.12,3
7.28,3
7.28,3
7.22,4
7.29,3
7.14,3
7.02,3
7.8,4
7.17,3
7.54,3
7.3,3
7.86,3
7.36,3
7.42,3
7.97,4
7.61,3
7.98,3
7.94,3
7.69,3
7.1,3
7.55,3
7.47,3
7.57,3
7.95,3
7.42,3
7.89,3
7.22,3
7.02,3
7.55,3
7.26,3
7.92,3
7.87,3
7.98,3
7.16,3
7.32,3
7.25,3
7.76,3
7.55,3
7.21,3
7.43,3
7.08,3
7.75,3
7.9,3
7.72,3
7.26,3
7.26,3
7.76,4
7.34,3
7.45,3
7.52,4
7.71,4
7.85,3
7.23,3
7.23,4
7.23,3
7.03,3
7.24,4
7.97,3
7.14,4
7.27,3
7.98,3
7.78,4
7.98,3
7.16,4
7.92,3
7.33,3
7.52,3
7.71,3
7.51,4
7.34,3
7.89,3
7.33,3
7.13,3
7.83,3
7.2,4
7.57,3
7.1,3
7.25,3
7.87,3
7.71,3
7.1,3
7.91,3
7.02,3
7.43,4
7.46,3
7.48,3
7.96,3
7.94,4
7.3,4
7.66,4
7.92,4
7.28,4
7.38,3
7.82,3
7.78,4
7.26,4
7.39,3
7.74,3
7.88,4
7.57,3
7.06,3
7.83,3
7.67,3
7.87,3
7.7,3
7.61,3
7.31,3
7.06,3
7.34,3
7.47,4
7.88,3
7.04,3
7.73,3
7.9,3
7.71,3
7.2,3
7.64,3
7.47,4
7.52,3
7.35,4
7.41,4
7.03,3
7.19,3
7.55,3
7.35,3
7.65,3
7.2,4
7.08,4
7.17,4
7.57,3
7.99,3
7.38,4
7.92,3
7.72,4
7.58,3
7.8,3
7.12,3
7.01,3
7.41,4
7.53,4
7.84,3
7.4,3
7.24,4
7.39,3
7.61,3
7.73,3
7.61,3
7.14,3
7.42,3
7.9,3
7.61,3
7.35,3
7.27,3
7.5,3
7.06,3
7.82,3
7.97,3
7.99,3
7.79,3
7.91,3
7.26,3
7.81,3
7.89,3
7.39,4
7.7,3
7.22,3
7.66,3
7.4,4
7.07,4
7.64,4
7.22,3
7.28,3
7.58,3
7.06,3
7.42,3
7.85,3
7.43,3
7.77,3
7.24,3
7.18,3
7.95,3
7.07,4
7.57,3
7.79,3
7.99,3
7.6,4
7.73,4
7.55,3
7.59,3
7.27,3
7.06,3
7.78,3
7.88,3
7.98,3
7.16,3
7.04,4
7.46,4
7.36,3
7.84,3
7,4
7.26,3
7.69,3
7.59,3
7.03,3
7.57,4
7.43,3
7.34,4
7.08,3
7.54,3
7.51,4
7.06,4
7.7,3
7.38,3
7.38,3
7.45,3
7.91,3
7.84,3
7.97,4
7.23,3
7.46,3
7.89,3
7.18,3
7.03,3
7.17,4
7.85,4
7.28,3
7.28,3
7.67,4
7.35,3
7.59,3
7.08,3
7.69,3
7.29,3
7.05,3
7.48,3
7.76,3
7.99,3
7.08,4
7.11,3
7.09,3
7.38,3
7.67,3
7.95,3
7.43,4
7.53,3
7.03,4
7.22,3
7.15,3
7.26,3
7.57,4
7.45,3
7.5,3
7.18,4
7.4,3
7.09,3
7.88,3
7.16,4
7.85,3
7.17,3
7.41,3
7.4,3
7.6,3
7.74,3
7.29,3
7.78,3
7.67,3
7.04,3
7.65,3
7.65,3
7.1,3
7.9,3
7.29,4
7.19,3
7.67,3
7.88,3
7.49,3
7.96,3
7.98,4
7.29,3
7.28,3
7.15,3
7.23,3
7.43,4
7.91,3
7.95,3
7.68,4
7.02,3
7.26,4
7.77,3
7.3,4
7.11,4
7.43,4
7.72,3
7.43,3
7.2,3
7.61,4
7.78,3
7.17,3
7.09,3
7.36,4
7.67,3
7.2,3
7.2,3
7.79,3
7.95,3
7.31,3
7.93,3
7.71,3
7.14,3
7.18,4
7.23,3
7.74,4
7.4,3
7.35,3
7.9,3
7.66,3
7.65,4
7.08,3
7.35,4
7.57,3
7.75,4
7.58,3
7.78,3
7.36,3
7.8,3
7.78,3
7.75,4
7.88,3
7.42,3
7.71,3
7.72,3
7.56,3
7.35,3
7.15,3
7.18,3
7.93,4
7.61,3
7.68,3
7.48,3
7.2,4
7.99,3
7.99,3
7.82,4
7.26,3
7.6,3
7.89,4
7.06,4
7.04,3
7.75,3
7.49,4
7.85,3
7.65,3
7.54,3
8,4
7.63,3
8,3
7.14,3
7.63,4
7.69,4
7.52,3
7.79,4
7.13,3
7.24,3
7.65,4
7.4,3
7.42,4
7.44,3
7.05,3
7.51,3
7.37,3
7.7,4
7.16,3
7.56,4
7.94,3
7.24,3
7.68,4
7.11,3
7.65,3
7.6,3
7.57,4
7.04,3
7.42,3
7.43,3
7.88,4
7.57,3
7.51,3
7.46,3
7.24,3
7.09,3
7.03,3
7.74,3
7.11,3
7.08,3
7.3,4
7.29,3
7.81,3
7.33,3
7.08,4
7.95,4
7.57,3
7.14,3
7.86,4
7.23,3
7.99,4
7.05,3
7.66,3
7.64,3
7.11,3
7.29,3
7.72,3
8,3
7.14,4
7.18,3
7.02,3
7.13,3
7.28,3
7.1,3
7.3,3
7.28,4
7.3,3
7.02,3
8.01,3
8.56,3
8.99,3
8.17,3
8.98,4
8.9,3
8.72,3
8.94,4
8.27,3
8.72,4
8.49,3
8.93,3
8.8,3
8.09,3
8.79,3
8.26,3
8.23,3
8.32,3
8.78,3
8.09,3
8.28,3
8.97,4
8.68,4
8.09,4
8.79,3
8.59,4
8.26,4
8.49,4
8.56,3
8.45,3
8.46,3
8.97,3
8.69,3
8.46,3
8.87,3
8.98,3
8.16,3
8.92,3
8.18,4
8.27,3
8.16,4
8.93,3
8.52,3
8.84,4
8.78,4
8.87,3
8.79,3
8.72,3
8.49,3
8.56,3
8.11,3
8.47,3
8.08,3
8.17,3
8.91,3
8.03,3
8.37,3
8.56,3
8.97,3
8.19,4
8.63,3
8.78,3
8.34,4
8.73,4
8.16,3
8.87,3
8.02,4
8.27,4
8.13,4
8.19,3
8.69,3
8.2,3
8.48,3
8.08,3
8.05,3
8.52,4
8.42,4
8.82,4
8.69,3
8.68,3
8.62,3
8.26,3
8.75,3
8.05,3
8.16,3
8.28,4
9,3
8.78,3
8.92,3
8.83,4
8.54,3
8.99,4
8.04,3
8.11,3
8.58,3
8.48,3
8.9,3
8.25,3
8.37,3
8.41,4
8.82,4
8.48,3
8.96,3
8.93,3
8.85,4
8.03,4
8.78,3
8.59,3
8.74,3
8.94,3
8.91,3
8.47,4
8.26,3
8.4,3
8.19,4
8.42,3
8.04,3
8.16,3
8.42,3
8.54,3
8.13,4
8.65,4
8.06,4
8.68,3
8.54,3
8.33,3
8.99,3
8.59,4
8.18,3
8.85,4
8.37,4
8.25,3
8.61,3
8.64,3
8.55,3
8.07,3
8.41,4
8.65,3
8.67,4
8.8,3
8.94,3
8.93,4
8.61,3
8.03,4
8.62,4
8.26,3
8.51,3
8.28,4
8.06,3
8.53,4
8.44,3
8.1,3
8.76,3
8.82,3
8.14,3
8.31,3
8.28,3
8.85,4
8.34,3
8.72,3
8.22,3
8.79,3
8.65,3
8.39,3
8.69,3
8.19,3
8.31,3
8.97,3
8.48,3
8,3
8.09,4
8.37,3
8.38,3
8.87,3
8.69,3
8.33,3
8.75,3
8.6,3
8.12,4
8.74,3
8.92,3
8.73,3
8.66,4
8.23,3
8.42,3
8.98,3
8.27,3
8.65,4
8.86,3
8.43,4
8.48,3
8.23,3
8.52,3
8.35,4
8.88,3
8.64,3
8.72,3
8.25,3
8.03,3
8.21,3
8.49,3
8.69,3
8.27,4
8.51,4
8.74,3
8.17,3
8.02,3
8.84,4
8.01,3
8.15,4
8.73,3
8.97,3
8.44,3
8.65,3
8.77,3
8.29,3
8.64,3
8.12,3
8.36,3
8.82,3
8.68,3
8.18,3
8.62,3
8.94,3
8.47,3
8.6,3
8.9,3
8.73,3
8.69,3
8.58,4
8.32,3
8.41,3
8.12,4
8.54,3
8,3
8.22,3
8.52,3
8.74,3
8.85,3
8.43,3
8.79,3
8.28,4
8.63,3
8.05,4
8.59,4
8.04,3
8.6,3
8.16,4
8.15,3
8.37,4
8.55,3
8.19,4
8.5,4
8.89,4
8.02,3
8.03,3
8.24,3
8.23,3
8.08,3
8.34,4
8.11,3
8.03,4
8.82,3
8.22,3
8.8,4
8.47,3
8.55,3
8.33,3
8.71,4
8.41,3
8.59,3
8.4,3
8.54,3
9,4
8.19,4
8.03,3
8.75,4
8.97,3
8.43,4
8.32,3
8.43,3
8.01,3
8.29,3
8.61,3
8.29,3
8.62,3
8.74,3
8.25,3
8.85,3
8.62,3
8.97,4
8.27,4
8.35,3
8.09,3
8.54,3
8.56,3
8.27,3
8.7,3
8.88,3
8.78,3
8.78,3
8.63,3
8.77,3
8.82,4
8.97,3
8.15,3
8.62,3
8.33,3
8.22,3
8.58,4
8.45,3
8.26,3
8.53,3
8.74,4
8.65,3
8.74,4
8.3,3
8.43,3
8.8,3
8.37,3
8.55,3
8.18,3
8.16,3
8.94,4
8.33,3
8.79,3
8.59,3
8.14,3
8.63,3
8.06,3
8.06,4
8.14,3
8.85,3
8.37,4
8.24,4
8.08,3
8.52,3
8.88,4
8.92,3
8.32,4
8.97,3
8.07,3
8.62,3
8.1,3
8.09,3
8.24,3
8.87,3
8.8,3
8.39,3
8.51,3
8.51,3
8.88,3
8.44,3
8.98,3
8.43,4
8.14,3
8.36,3
8.8,4
8.01,4
8.24,4
8.4,4
8.74,4
8.94,3
8.47,4
8.15,3
8.35,3
8.63,3
8.75,4
8.14,4
8.34,3
8.21,3
8.17,3
8.71,4
8.95,3
8.65,3
8.51,3
8.64,3
8.9,3
8.18,3
8.42,4
8.61,3
8.46,3
8.03,4
8.92,3
8.31,3
8.5,3
8.07,3
8.95,3
8.33,3
8.84,4
8.01,3
8.68,3
8.02,3
8.11,3
8.16,3
8.29,3
8.75,3
8.43,3
8.12,3
8.59,3
8.27,4
8.67,3
8.16,3
8.98,3
8.12,4
8.52,3
8.31,3
8.81,4
8.18,3
8.85,3
8.89,4
8.83,3
8.01,3
8.81,3
8.26,3
8.49,3
8.77,3
8.82,3
8.58,3
8.05,4
8.09,3
8.25,4
8.29,3
8.11,4
8.48,4
8.9,3
8.25,4
8.89,3
8.47,3
8.3,4
8.36,3
8.94,3
8.01,3
8.18,4
8.78,3
8.1,3
8.34,4
8.64,4
8.94,3
8.34,3
8.94,3
8.29,3
8.63,3
8.28,3
8.76,3
8.9,3
8.92,4
8.88,3
8.59,3
9.82,3
9.45,3
9.16,4
9.4,4
9.98,3
9.52,3
9.19,3
9.33,3
9.11,4
9.14,3
9.09,3
9.05,3
9.63,4
9.89,3
9.08,3
9.93,3
9.22,3
9.16,3
9.58,3
9.22,3
9.9,4
9.49,3
9.7,3
9.62,4
9.14,3
9.33,3
9.92,4
9.68,4
9.01,4
9.43,3
9.02,3
9.04,4
9.96,3
9.96,3
9.24,4
9.32,3
9.66,3
9.65,3
9.31,4
9.34,3
9.45,3
9.71,3
9.19,3
9.02,3
9.21,3
9.97,4
9.57,3
9.51,3
9.32,3
9.66,3
9.22,3
9.5,4
9.03,3
9.69,3
9.73,3
9.12,3
9.15,3
9.62,3
9.88,3
9.43,4
9.04,3
9.68,4
9.17,4
9.61,3
9.1,4
9.87,3
9.75,4
9.07,3
9.63,4
9.38,4
9.35,3
9.61,4
9.64,4
9.92,3
9.97,3
9.92,3
9.41,3
9.47,3
9.56,3
9.92,3
9.99,3
9.89,4
9.53,3
9.28,4
9.5,3
9.85,3
9.03,3
9.17,3
9.04,3
9.76,4
9.69,3
9.79,3
9.39,3
9.3,4
9.09,4
9.3,3
9.96,3
9.47,4
9.24,3
9.19,3
9.61,3
9.02,3
9.99,3
9.27,3
9.73,3
9.57,3
9.39,4
9.97,4
9.56,3
9.77,3
9.5,3
9.81,3
9.25,3
9.12,3
9.68,3
9.61,3
9.31,3
9.51,3
9.59,3
9.99,4
9.87,3
9.75,4
9.06,3
9.64,3
9.4,4
9.57,3
9.7,3
9.97,3
9.42,3
9.35,3
9.98,3
9.6,4
9.73,4
9.8,4
9.32,3
9.23,3
9.13,4
9.6,3
9.36,3
9.72,3
9.1,4
9.33,3
9.1,3
9.01,4
9.97,4
9.42,3
9.51,3
9.95,3
9.09,3
9.81,3
9.51,3
9.03,4
9.31,3
9,3
9.54,4
9.52,4
9.29,4
9.24,3
9.88,3
9.43,3
10,3
9.03,3
9.86,3
9.25,4
9.04,3
9.77,3
9.33,4
9.61,3
9.18,3
9.26,3
9.63,3
9.29,3
9.22,4
9.12,4
9.82,3
9.54,3
9.47,3
9.48,3
9.47,3
9.97,3
9.76,3
9.52,3
9.54,3
9.51,3
9.29,3
9.71,3
9.63,4
9.97,3
9.89,4
9.21,3
9.1,3
9.45,3
9.53,3
9.86,3
9.45,3
9.04,3
9.28,3
9,3
9.48,3
9.44,3
9.9,4
9.55,3
9.99,3
9.81,3
9.62,3
9.42,3
9.58,3
9.84,3
9.39,3
9.61,3
9.9,4
9.57,3
9.38,4
9.34,3
9.83,3
9.24,3
9.93,3
9.4,4
9.03,3
9.15,3
9.56,3
9.35,3
9.2,3
9.25,3
9.23,4
9.17,3
9.45,3
9.97,4
9.86,3
9.99,3
9.63,3
9.58,4
9.06,4
9,3
9.7,4
9.15,3
9.62,3
9.73,3
9.71,3
9.25,3
9.77,3
10,4
9.47,3
9.21,3
9.29,4
9.48,3
9.01,3
9.69,4
9.72,3
9.79,3
9.23,3
9.64,3
9.39,3
9.63,3
9.55,4
9.02,3
9.82,3
9.64,3
9.25,4
9.54,3
9.16,3
9.31,3
9.22,3
9.92,3
9.44,3
9.55,3
9.16,3
9.9,3
9.45,4
9.08,3
9.16,3
9.83,3
9.43,4
9.23,3
10,3
9.35,3
9.52,4
9.38,3
9.4,3
9.3,3
9.91,3
9.86,3
9.29,4
9.58,3
9.66,4
9.49,3
9.31,3
9.9,4
9.1,4
9.96,3
9.81,4
9.43,3
9,4
9.57,4
9.61,3
9.84,3
9.42,3
9.77,3
9.88,3
9.56,3
10.37,3
10.93,3
10.06,3
10.47,3
10.6,3
10.86,3
10.63,4
10.24,4
10.05,4
10.43,3
10.92,3
10.56,4
10.9,3
10.21,4
10.79,3
10.77,4
10.07,3
10.1,3
10.86,3
10.86,3
10.26,3
10.96,4
10.53,3
10.77,3
10.28,3
10.34,3
10.56,3
10.94,3
10.55,3
10.88,3
10.26,3
10.47,3
10.43,3
10.15,3
10.76,3
10.87,3
10.58,3
10.89,3
10.79,3
10.65,4
10.17,3
10.69,3
10.49,3
10.24,3
10.32,4
10.57,3
10.06,3
10.15,3
10.65,4
10.96,3
10.95,4
10.74,3
10.14,3
10.03,4
10.89,3
10.23,3
10.18,3
10.62,3
10.69,3
10.31,3
10.69,3
10.22,4
10.09,4
10.84,3
10.53,3
10.15,3
10.49,4
10.16,3
10.96,3
10.09,3
10.99,3
10.36,3
10.76,4
10.92,4
10.06,3
10.37,4
10.69,3
10.18,3
10.05,3
10.39,3
10.5,4
10.82,3
10.59,3
10.67,3
10.17,3
10.68,3
10.19,3
10.64,3
10.38,3
10.62,3
10.67,3
10.68,3
10.07,4
10.78,4
10.17,3
10.03,3
10.73,3
10.13,3
10.07,3
10.71,3
10.83,3
10.08,4
10.88,4
10.42,3
10.89,3
10.8,3
10.52,3
10.95,3
10.89,3
10.3,3
10.5,3
10.84,4
10.81,3
10.44,3
10.43,3
10.59,3
10.48,3
10.51,3
10.98,4
10.87,4
10.63,3
10.11,3
10.1,4
10.1,3
10.12,3
10.74,4
10.12,3
10.64,3
10.52,3
10.4,4
10.03,3
10.04,3
10.84,3
10.54,4
10.35,4
10.74,3
10.96,3
10.58,3
10.3,4
10.73,4
10.66,3
11,4
10.9,3
10.74,3
10.16,4
10.49,3
10.97,3
10.85,3
10.22,3
10.12,3
10.97,4
10.31,3
10.49,3
10.02,3
10.3,3
10.91,3
10.22,3
10.82,3
10.23,3
10.14,3
10.88,3
10.56,4
10.99,3
10.93,3
10.16,3
10.64,3
10.43,3
10.97,3
10.72,3
10.8,3
10.75,4
10.83,3
10.76,3
10.16,3
10.34,4
10.65,4
10.69,3
10.83,4
10.09,4
10.52,4
10.69,3
10.66,3
10.06,4
10.95,3
10.47,4
10.24,4
10.88,3
10.56,3
10.8,3
10.38,4
10.49,3
10.41,3
10.44,4
10.87,4
10.26,3
10.85,3
10.82,3
10.69,3
10.46,3
10.73,3
10.58,3
10.26,3
10.92,4
10.8,3
10.2,4
10.74,3
10.81,3
10.27,3
10.41,4
10.03,4
11,3
11.71,3
11.54,4
11.48,3
11.95,3
11.27,4
11.89,4
11.77,3
11.82,3
11.43,4
11.05,3
11.14,3
11.83,3
11.33,3
11.6,3
11.38,4
11.3,3
11.8,3
11.13,3
11.06,4
11.03,3
11.25,4
11.25,4
11.63,3
11.24,3
11.22,3
11.68,3
11.98,3
11.26,3
11.76,3
11.67,3
11.54,4
11.97,3
11.7,4
11.25,4
11.6,4
11.62,3
11.78,3
11.43,3
11.46,4
11.11,4
11.88,3
11.81,3
11.17,3
11.07,3
11.4,3
11.43,3
11.94,3
11,3
11.22,3
11.64,3
11.62,3
11.68,3
11.48,3
11.53,3
11.5,3
11.2,3
11.91,3
11.17,4
11.69,3
11.12,3
11.42,3
11.08,3
11.93,4
11.29,3
11.96,4
11.74,4
11.64,4
11.87,3
11.89,3
11.54,3
11.98,4
11.91,3
11.51,3
11.65,3
11.56,3
11.96,3
11.45,3
11.49,4
11.37,3
11.87,4
11.37,3
11.89,4
11.54,3
11.53,4
11.35,4
11.93,3
11.64,3
11.61,3
11.22,3
11.59,3
11.01,4
11.36,3
11.08,3
11.49,3
11.17,4
11.53,3
11.14,3
11.9,3
11.93,3
11.07,3
11.28,3
11.9,3
11.39,3
11.73,3
11.22,3
11.88,3
11,3
11.8,3
11.13,4
11.11,4
11.13,3
11.42,3
11.51,3
11.74,3
11.77,4
11.5,3
11.48,3
11.67,3
11.44,4
11.95,4
11.66,3
11.29,3
11.31,3
11.17,3
11.09,3
11.23,3
11.5,4
11.08,4
11.8,3
11.66,3
11.06,4
11.57,3
11.93,3
11.52,3
11.41,4
11.2,3
11.66,3
11.54,3
11.77,3
11.38,3
11.35,3
11.97,4
11.88,3
11.4,3
11.92,3
11.4,4
11.81,3
11.85,3
11.51,4
11.85,3
11.15,4
11.74,3
11.34,4
11.68,3
11.2,3
11.21,3
11.56,3
11.64,3
11.86,3
11.04,3
11.12,3
11.76,3
11.05,3
11.54,4
11.21,3
11.97,3
11.39,3
11.02,3
11.5,3
11.15,3
11.5,3
11.98,3
11.84,3
11.41,3
11.02,3
11.75,3
11.68,3
11.34,4
11.11,3
11.19,3
11.32,3
11.89,3
11.06,3
11.62,3
11.39,3
11.16,4
11.38,3
11.63,3
11.07,4
12.13,3
12.92,3
12.63,3
12.19,3
12.03,3
12.35,3
12.91,4
12.46,3
12.9,3
12.76,3
12.98,3
12.85,3
12.9,3
12.67,3
12.1,3
12.03,3
12.44,4
12.87,3
12.84,4
12.38,3
12.55,4
12.25,3
12.31,3
12.41,3
12.79,3
12.07,3
12.83,4
12.41,3
12.53,3
12.94,3
12.12,4
12.89,3
12.53,4
12.76,3
12.19,4
12.12,3
12.18,3
12.5,3
12.79,4
12.23,4
12.77,4
12.76,3
12.14,4
12.06,3
12.02,3
12.92,4
12.43,3
12.47,3
12.56,3
12.57,4
12.31,3
12.45,3
12.54,3
12.9,3
12.94,3
12.8,3
12.69,3
12.93,3
12.36,3
12.03,4
12.02,3
12.15,3
12.78,3
12.72,3
12.28,3
12.54,3
12.34,3
12.21,3
12.38,3
12.86,3
12.2,4
12.4,3
12.73,4
12.28,3
12.26,3
12.05,4
12.31,3
12.6,3
12.73,3
12.9,3
12.93,4
12.45,3
12.95,3
12.64,3
12.18,3
12.24,4
12.93,3
12.82,4
12.66,4
12.66,3
13.72,4
13.93,4
13.96,4
13.77,3
13.41,3
13.34,3
13.15,4
13.42,3
13.08,3
13.14,3
13.42,3
13.39,4
13.75,4
13.17,3
13.31,4
13.53,3
13.99,3
13.15,3
13.79,3
13.85,3
13.31,3
13.5,3
13.7,3
13.56,3
13.25,3
13.14,3
13.49,4
13.42,3
13.93,3
13.44,4
13.31,4
13.25,3
13.54,3
13.77,3
13.99,4
13.52,3
13.49,3
13.13,3
13.47,3
13.78,3
13.58,3
13.19,3
13.39,3
13.63,3
13.63,3
13.71,3
13.31,3
13.95,3
13.42,3
13.43,3
13.4,3
13.26,3
13.03,3
13.27,3
13.02,3
13.78,3
13.89,4
13.75,3
13.59,3
13.43,3
13.7,3
13.33,3
13.9,3
13.33,3
13.95,4
13.7,3
13.13,3
13.51,3
13.23,3
13.69,4
13.6,3
13.59,3
13.92,3
13.86,3
13.38,4
13.5,3
13.58,4
13.85,3
13.98,3
13.67,3
14.37,3
14.15,3
14.85,3
14.42,3
14.34,3
14.71,3
14.47,3
14.3,3
14.1,4
14.49,4
14.05,3
14.68,3
14.12,3
14.89,3
14.99,3
14.06,3
14.05,3
14.13,3
14.49,3
14.31,4
14.14,3
14.86,3
14.89,3
14.43,3
14.4,3
14.49,4
14.53,3
14.27,3
14.07,3
14.55,3
14.56,4
14.74,4
14.97,3
14.46,4
14.99,4
14.78,3
14.41,3
14.37,3
14.49,3
14.08,3
14.71,3
14.15,3
14.65,3
14.62,3
14.75,3
14.4,3
14.24,3
14.77,4
14.64,3
14.24,3
14.86,3
14.95,3
14.81,3
14.26,3
14.74,3
14.23,3
14.21,3
14.2,3
14.68,4
14.06,4
14.61,3
14.45,4
14.45,3
14.56,3
14.18,4
14.61,3
14.3,3
14.31,3
14.86,3
14.14,4
15.58,3
15.1,3
15.7,3
15.31,3
15.21,3
15.99,4
15.62,3
15.45,3
15.06,3
15.64,3
15.51,3
15.02,3
15.26,4
15.1,4
15.73,3
15.15,3
15.78,4
15.15,3
15.72,3
15.96,3
15.36,4
15.05,3
15.06,3
15.27,3
15.49,3
15.06,3
15.06,4
15.17,3
15.89,3
15.5,3
15.01,3
15.85,3
15.55,3
15.06,3
15.89,3
15.93,3
15.99,3
15.07,3
15.17,3
15.97,3
15.95,3
15.79,4
15.45,3
15.69,3
15.03,3
15.07,3
15.89,3
15.12,4
15.3,3
15.32,3
15.3,3
15.61,3
15.08,3
15.67,4
15.46,4
15.44,4
15.89,3
15.34,3
15.68,3
15.7,3
15.74,4
15.73,4
15.8,3
16.15,3
16.12,3
16.37,3
16.98,3
16.34,3
16.35,3
16.71,3
16.73,3
16.17,3
16.8,3
16.68,3
16.45,4
16.46,4
16.93,3
16.61,4
16.73,4
16.55,3
16.49,4
16.69,3
16.29,3
16.78,3
16.14,3
16.15,3
16.17,3
16.87,3
16.94,3
16.39,4
16.54,3
16.04,3
16.07,3
16.63,4
16.02,4
16.39,3
16.38,3
16.53,4
16.66,3
16.62,3
16.11,4
16.12,3
16.45,4
16.61,3
16.67,4
16.86,3
16.24,3
16.33,3
16.74,3
16.19,3
16.83,3
16.58,3
16.85,3
16.9,4
16.24,3
16.63,3
16.07,4
16.85,3
16.87,4
16.4,3
16.12,3
17.7,3
17.65,3
17.46,3
17.97,3
17.28,4
17.93,3
17.26,3
17.14,3
17.22,4
17.29,3
17.61,3
17.15,3
17.55,3
17.94,3
17.22,4
17.98,3
17.28,3
17.92,4
17.19,4
17.99,3
17.38,3
17.57,3
17.28,3
17.41,3
17.68,3
17.13,3
17.33,3
17.73,3
17.46,3
17.43,3
17.18,3
17.35,3
17.18,3
17.87,3
17.79,3
17.14,3
17.72,4
17.82,3
17.44,3
17.57,4
17.58,3
17.63,3
17.93,3
17.31,4
17.19,3
17.4,3
17.21,3
17.37,4
17.76,3
17,3
17.85,3
17.19,3
17.92,3
17.7,3
17.27,4
18.86,3
18.25,3
18.23,3
18.29,3
18.21,3
19,3
18.31,3
18.65,3
18.5,3
18.89,3
18.9,3
18.35,4
18.8,4
18.11,3
18.86,3
18.47,4
18.32,3
18.4,3
18.31,4
18.2,4
18.79,3
18.46,4
18.96,3
18.94,4
18.78,3
18.36,3
18.25,4
18.84,3
18.53,3
18.89,3
18.62,3
18.92,3
18.81,3
18.76,3
18.23,3
18.23,3
18.77,3
18.02,3
19,3
18.04,3
18.57,4
18.55,4
18.58,3
18.42,3
18.53,4
18.33,3
18.78,3
18.22,3
19.47,3
19.54,3
19.98,4
19.51,3
19.79,3
19.35,3
19.03,3
19.53,3
19.83,3
19.96,4
19.89,3
19.41,4
19.87,4
19.71,3
19.27,3
19.13,3
19.76,3
19.24,4
19.71,4
19.72,3
19.03,3
19.17,3
19.09,4
19.42,3
19.23,3
19.23,3
19.26,4
19.03,3
19.52,3
19.34,3
19.82,3
19.19,3
19.93,4
19.48,3
19.7,3
19.68,3
20.65,3
20.56,4
20.05,3
20.16,3
20.39,3
20.07,3
20.24,3
20.98,3
20.86,3
20.09,3
20.67,3
20.87,3
20.47,3
20.07,3
20.84,3
20.1,3
20.03,4
20.49,4
20.63,3
20.9,3
20.64,4
20.55,3
20.96,3
20.93,3
20.07,3
20.2,3
20.85,3
20.66,3
20.13,4
